,% Change from 52week high,52week-high,52week-low,Avg Current Ratio,Avg Debt to Equity Ratio,Avg Net Profit Margin,Avg PE Ratio,Latest Year,Market Cap,Name,Net Income,Price,Sector,Ticker,Years of Data
0,-0.40427758816837317,219.75,128.01,1.8784221330488924,2.402202819473214,0.16147825975147342,24.283963388100716,2018-12-31,75351.802,3M Company,5085.666666666667,130.91,Industrials,MMM,3
1,-0.3295093540416519,56.66,37.16,2.0948809986894332,0.8542323512766717,0.12063857441184012,25.396880689653198,2019-12-31,6154.5697,A.O. Smith Corp,370.2333333333333,37.99,Industrials,AOS,3
2,-0.20324499729583564,92.45,70.0,1.7755026183545677,1.2840810792428174,0.07014061966982714,99.95539337657449,2019-12-31,129894.261,Abbott Laboratories,2177.3333333333335,73.66,Health Care,ABT,3
3,-0.24105865522174538,97.86,62.66,1.3044109778802564,6.039436871002887,0.19799433498590815,23.4846676963092,2018-12-31,109857.21,AbbVie Inc.,5649.666666666667,74.27,Health Care,ABBV,3
4,-0.2950690882203429,216.39,143.51,1.3221184031989985,1.3205492144246291,0.10062704064646466,24.673359500997293,2019-08-31,97006.895,Accenture plc,4094.7226666666666,152.54,Information Technology,ACN,3
5,-0.1823957849062452,64.53,41.84,2.197544484208389,0.6977089204232461,0.17075386489887087,72.79591898509777,2019-12-31,40584.151,Activision Blizzard,1196.3333333333333,52.76,Information Technology,ATVI,3
6,-0.42810634834508954,147.44,82.65,2.0885326667425352,0.7116754404437847,0.09224634365318611,19.510529536299135,2019-08-31,3340.73318,Acuity Brands Inc,333.9,84.32,Industrials,AYI,3
7,-0.26042663219133816,386.75,253.89,1.3256245240390214,0.8982115292685284,0.26103598256521243,47.92236385619171,2019-11-29,138229.137,Adobe Systems Inc,2412.062,286.03,Information Technology,ADBE,3
8,-0.47825372480280454,182.56,93.88,1.5106016838036265,1.6270348578135405,0.04766882818525994,24.640295373414485,2018-12-29,6594.9286,Advance Auto Parts,452.99133333333333,95.25,Consumer Discretionary,AAP,3
9,-0.34688712670828414,59.27,23.04,1.8094619842770543,4.791896647085338,-0.018741187718813855,96.48317833437727,2018-12-29,45277.54,Advanced Micro Devices Inc,-39.0,38.71,Information Technology,AMD,3
10,-0.48233631653320774,21.23,10.99,1.0759678056019164,10.600434500447307,0.010511482849318252,14.660185247815898,2019-12-31,7305.8002,AES Corp,115.0,10.99,Utilities,AES,3
11,-0.0049681289838770255,213.36,166.885,1.0888678546820763,2.5740636279643963,0.03567550733315123,22.33073063710411,2017-12-31,71120.5,Aetna Inc,2026.3333333333333,212.3,Health Care,AET,3
12,-0.5458315334773218,115.75,47.03,1.0768813454533424,1.4198070180882902,0.13618809919868488,103.04789786052889,2019-12-31,2516.41011,Affiliated Managers Group Inc,316.2666666666667,52.57,Financials,AMG,3
13,-0.49300454704442115,57.18,28.82,6.4287451258501065,4.966993352532032,0.15485374994534606,7.12096518282148,2018-12-31,20945.8852,AFLAC Inc,3394.3333333333335,28.99,Financials,AFL,3
14,-0.29247572815533984,90.64,61.13,3.477837354010888,0.8162682598107703,0.1090684692494831,45.168311270317666,2018-10-31,19857.918,Agilent Technologies Inc,487.3333333333333,64.13,Health Care,A,3
15,-0.2982763316602467,257.01,167.43,2.356933774853221,0.7703412702918221,0.24383778404670645,21.047633386254393,2019-09-30,39799.28,Air Products & Chemicals Inc,2086.0666666666666,180.35,Materials,APD,3
16,-0.19460034836462162,103.34,67.28,2.7113985432161467,0.6723193167324242,0.1207821379991011,37.456430682407195,2019-12-31,13473.4397,Akamai Technologies Inc,331.5763333333333,83.23,Information Technology,AKAM,3
17,-0.5495707560232622,72.22,28.92,0.7369677470073155,2.064750592309054,0.1068221854174517,13.696831230784694,2018-12-31,3993.41517,Alaska Air Group Inc,761.6666666666666,32.53,Industrials,ALK,3
18,-0.40684104627766604,99.4,58.63,1.7770989603491463,1.243881740019703,0.12397101358669387,98.5135068981488,2019-12-31,6251.7053,Albemarle Corp,427.2133333333333,58.96,Materials,ALB,3
19,-0.304028678729942,175.74,121.7501,0.6895241125562052,1.0398747035639708,0.12137874205599362,-6.628812153795749,2018-12-31,15007.4368,Alexandria Real Estate Equities Inc,303.8566666666667,122.31,Real Estate,ARE,3
20,-0.4673621880727478,141.86,73.54,3.4116785361850686,0.5346572506106202,0.20844530127934244,141.86479383470277,2019-12-31,16729.0583,Alexion Pharmaceuticals,975.0666666666666,75.56,Health Care,ALXN,3
21,-0.5167344011475018,334.64,161.39,1.962803110910922,0.6804285188729579,0.18151966898143831,61.42813377273109,2019-12-31,12735.9672,Align Technology,358.143,161.72,Health Care,ALGN,3
22,-0.29826199367997713,139.24,87.1,1.9867630951099677,9.16075293844212,0.1250201094990047,25.713574250608673,2018-12-31,9047.9944,Allegion,312.43333333333334,97.71,Industrials,ALLE,3
23,-0.18554050044505987,202.22,114.27,1.5178251899030657,0.6197350822431119,0.1486757915092776,-6.43674342913204,2018-12-31,54186.627,"Allergan, Plc",1917.1666666666667,164.7,Health Care,AGN,3
24,-0.8026236676687619,182.95,35.97,2.2059114966603453,14.416805092955942,0.09186471938649304,15.658348431467232,2019-12-31,1719.8327,Alliance Data Systems,676.6,36.11,Information Technology,ADS,3
25,-0.2110152621101526,60.28,45.37,0.5511725378317207,2.4064271730301816,0.13365516100763047,21.227634912750915,2018-12-31,11653.675,Alliant Energy Corp,457.1666666666667,47.56,Utilities,LNT,3
26,-0.32512706480304954,125.92,78.0,0.6968396437431034,4.177140595462501,0.06357265435539868,13.12803616249405,2018-12-31,26931.3516,Allstate Corp,2439.3333333333335,84.98,Financials,ALL,3
27,-0.29903184080902045,1530.74,1027.03,4.1444544687719045,0.3246498552549829,0.18368318815731854,17.965859963909395,2019-12-31,739102.82,Alphabet Inc Class A,25913.666666666668,1073.0,Information Technology,GOOGL,3
28,-0.292261762567342,1532.106,1025.0,5.116691015341942,0.26966075446972093,0.18487951953624884,17.866919262292793,2018-12-31,743564.12,Alphabet Inc Class C,24711.333333333332,1084.33,Information Technology,GOOG,3
29,-0.33966827919834147,57.88,34.38,0.4775299679328029,3.830328812115354,0.20756702802965088,-15.049973017303053,2019-12-31,71026.909,Altria Group Inc,5297.333333333333,38.22,Consumer Staples,MO,3
30,-0.22726960817950995,2185.95,1626.0319,1.07837925317285,3.0344135851994203,0.03387120074349714,115.19702807329516,2019-12-31,840875.77,Amazon.com Inc.,8231.333333333332,1689.15,Consumer Discretionary,AMZN,3
31,-0.2476614191193246,87.66,64.93,0.5633605178494346,2.5893398115382995,0.07757723745775923,35.88352224889078,2019-12-31,16236.8891,Ameren Corp,475.6666666666667,65.95,Utilities,AEE,3
32,-0.5482406356413166,35.24,12.0,0.610906999855875,-111.60790668763583,0.0479226065944633,11.656317519416666,2018-12-31,6782.8593,American Airlines Group,2002.3333333333333,15.92,Industrials,AAL,3
33,-0.2220634466990569,104.97,73.53,0.5417140592750679,2.6012056930383864,0.09335806371603877,28.90430316196115,2018-12-31,40408.064,American Electric Power,1482.4333333333332,81.66,Utilities,AEP,3
34,-0.3783392456381669,138.13,80.37,4.7269790316570806,7.71694317724003,0.16717955755595326,19.330878152329902,2018-12-31,69386.486,American Express Co,5021.666666666667,85.87,Financials,AXP,3
35,-0.6036481418342994,58.66,22.4,0.11325438745270296,6.635179522310562,-0.04639952087553764,-2185.691460461639,2018-12-31,20128.9667,"American International Group, Inc.",-2313.0,23.25,Financials,AIG,3
36,-0.21603124274998067,258.62,187.5,0.5950807329457178,5.658092406465275,0.20037766369459317,52.240101085184925,2019-12-31,89800.409,American Tower Corp A,1454.3666666666668,202.75,Real Estate,AMT,3
37,-0.16153846153846146,141.7,101.92,0.33680233609142896,2.592999770499046,0.14448562727978723,31.924823700034967,2018-12-31,21501.6407,American Water Works Company Inc,487.0,118.81,Utilities,AWK,3
38,-0.5225877799281172,180.85,85.95,11.503493837936041,24.214554364349397,0.1431238875043914,12.50697635144254,2019-12-31,10697.5252,Ameriprise Financial,1823.6666666666667,86.34,Financials,AMP,3
39,-0.17435897435897435,97.5,70.55,0.9287855591961555,13.519196989678159,0.00567263916745932,26.849706879801584,2019-09-30,16574.3063,AmerisourceBergen Corp,959.418,80.5,Health Care,ABC,3
40,-0.3887205551754472,102.31,61.59,1.7478687532923416,1.052721335993179,0.15079392706281594,23.122195113405883,2018-12-31,14329.4157,AMETEK Inc.,657.187,62.54,Industrials,AME,3
41,-0.22984611616800685,244.99,166.3,4.126903611386607,2.6930879787589617,0.2586529640611,31.742233930800044,2018-12-31,111284.773,Amgen Inc.,6031.666666666667,188.68,Health Care,AMGN,3
42,-0.38007982583454275,110.24,64.1,2.3363694935287023,1.440200202868225,0.12353193844718446,29.88220859636918,2018-12-31,20372.2199,Amphenol Corp,892.8,68.34,Information Technology,APH,3
43,-0.08839516088026188,76.6999,40.4,1.3760806257541625,3.1393933960236224,-0.12753397577208372,-7.804537529922861,2018-12-31,35239.68,Anadarko Petroleum Corp,-970.6666666666666,69.92,Energy,APC,3
44,-0.3463472113118618,127.3,83.02,1.4302946666260359,0.9228421457323952,0.20368656250438621,31.034969021674588,2019-11-02,30639.5853,"Analog Devices, Inc.",1195.234,83.21,Information Technology,ADI,3
45,-0.3100046813348492,299.06,174.25,2.2745312084216143,0.31455615834086764,0.2861990735125974,42.522682243936025,2019-12-31,17728.4362,ANSYS,376.64033333333333,206.35,Information Technology,ANSS,3
46,-0.283026113671275,312.48,216.27,1.5755316284949759,1.5873873489085923,0.037498958082139065,17.217743268324888,2018-12-31,56532.013,Anthem Inc.,3354.2,224.04,Health Care,ANTM,3
47,-0.284058944540073,238.19,154.51,1.0704442794864757,5.92338235180446,0.12234177684560532,32.353279309816315,2019-12-31,39445.635,Aon plc,1297.3333333333333,170.53,Financials,AON,3
48,-0.8567681007345225,38.12,5.45,1.2435865642583126,2.848598628195981,-31.23055764139734,119.77542217441179,2019-12-31,2053.15661,Apache Corporation,-736.3333333333334,5.46,Energy,APA,3
49,-0.36224856321839083,55.68,35.44,1.3833191192374972,2.71084838916844,0.5059065774097361,16.370076517029606,2019-12-31,5288.5038,Apartment Investment & Management,485.36133333333333,35.51,Real Estate,AIV,3
50,-0.2612170199786488,327.85,170.27,1.3133437190838948,2.3180705625107163,0.21581572475215682,17.965013265381444,2019-09-28,1059785.02,Apple Inc.,54379.333333333336,242.21,Information Technology,AAPL,3
51,-0.4163306451612903,69.44,38.24,2.6920385858356326,1.3306460244710918,0.2044967816532908,15.070019262001182,2019-10-27,37218.902,Applied Materials Inc.,3151.0,40.53,Information Technology,AMAT,3
52,-0.30762711864406783,47.2,31.01,1.64367030373557,1.2151380852287843,0.024955795793676596,16.510651662686183,2018-12-31,18231.7466,Archer-Daniels-Midland Co,1561.3333333333333,32.68,Consumer Staples,ADM,3
53,-0.4911000875401226,34.27,17.16,1.8480000107513408,2.660641967265151,0.024406234712286857,-34.709265944011214,2019-12-31,7602.4279,Arconic Inc.,346.0,17.44,Industrials,ARNC,3
54,-0.27050977526036907,109.46,75.0,1.043287563141886,2.526967714956166,0.08649943363892731,24.674237787524167,2019-12-31,15031.5233,Arthur J. Gallagher & Co.,588.4666666666666,79.85,Financials,AJG,3
55,-0.411682210223687,142.61,83.33,1.1460219677780745,6.581210203302685,0.06240343804444418,14.308610261305589,2018-12-31,5019.2169,Assurant Inc.,445.31666666666666,83.9,Financials,AIZ,3
56,-0.19874055415617137,39.7,30.05,0.8431298113407709,2.0414104562250492,0.12460706942505534,12.8598,2018-12-31,228494.737,AT&T Inc.,20474.333333333332,31.81,Telecommunication Services,T,3
57,-0.30012288496077133,211.58,129.7,0.9047913260745574,-11.650720767903872,-0.19789961589262406,-139.99806872063124,2019-01-31,32582.486,Autodesk Inc.,-409.93333333333334,148.08,Information Technology,ADSK,3
58,-0.3283238262395788,182.32,122.05,1.0672334727131692,8.275465765974834,0.14113147142003823,30.7231058941022,2019-06-30,52872.593,Automatic Data Processing,1882.3333333333333,122.46,Information Technology,ADP,3
59,-0.33198107359483997,1274.41,840.91,0.9338828568039617,-7.134900739109157,0.12438264013856726,14.368703212216358,2019-08-31,19996.0392,AutoZone Inc,1411.8753333333332,851.33,Consumer Discretionary,AZO,3
60,-0.3124246934580764,141.09,93.5,1.1086409803795438,3.963252586898154,0.050279243237101846,29.87832335191182,2019-12-28,8080.5453,Avery Dennison Corp,350.93333333333334,97.01,Materials,AVY,3
61,-0.29170182841068915,35.55,20.09,3.727591928958022,0.9107654346631677,0.0008427174981922089,-70.07220494335326,2018-12-31,26114.1791,"Baker Hughes, a GE Company",30.666666666666668,25.18,Energy,BHGE,3
62,-0.29449408355469686,82.82,53.91,1.0358508976389234,3.6173218839416315,0.03403277278037207,32.34451253656151,2018-12-31,19034.9169,Ball Corp,363.6666666666667,58.43,Materials,BLL,3
63,-0.4277715565509518,35.72,19.58,199.90894771567187,7.537293465286408,0.2437057705367711,12.766599901322115,2018-12-31,178334.302,Bank of America Corp,21428.333333333332,20.44,Financials,BAC,3
64,-0.24663157894736848,95.0,69.1,2.3524953411682024,0.9191517058882056,0.234126479061273,25.716399451310977,2018-12-31,36540.494,Baxter International Inc.,2435.3333333333335,71.57,Health Care,BAX,3
65,-0.042710907165548796,56.66,44.51,0.036388263937774584,6.423360957880388,0.25137516280695865,14.584809219486507,2018-12-31,72754.282,BB&T Corporation,2685.6666666666665,54.24,Financials,BBT,3
66,-0.22174944196428584,286.72,208.65,2.5936178009522575,1.645797296611739,0.06057759510893401,103.84624754401413,2019-09-30,60509.54,Becton Dickinson,881.3333333333334,223.14,Health Care,BDX,3
67,-0.3771062071964344,91.99,49.01,1.3048531777823775,2.4858098109126314,0.029677318848768827,13.764546693259286,2019-02-02,14827.9214,Best Buy Co. Inc.,1230.6666666666667,57.3,Consumer Discretionary,BBY,3
68,-0.24872663271020556,374.99,215.78,2.4032286299262657,0.8996924570827883,0.28654715548316095,19.84914340566299,2018-12-31,49037.312,Biogen Inc.,3557.5333333333333,281.72,Health Care,BIIB,3
69,-0.3805932629462041,576.81,354.0101,6.430848309805796,4.6250371519050395,15.851175421500022,16.547834752705167,2019-12-31,55662.08,BlackRock,4583.666666666667,357.28,Financials,BLK,3
70,-0.46927751519243754,29.62,14.53,1.9449990801892227,-11.059666017554363,0.15508069169967278,10.764392620779951,2019-04-30,3025.70726,Block H&R,481.53433333333334,15.72,Financials,HRB,3
71,-0.6748858676566498,398.66,128.76,1.0950115936198184,195.92585370159964,0.06096560244783702,-91.95788891925359,2019-12-31,72990.13,Boeing Company,6007.0,129.61,Industrials,BA,3
72,-0.3841117478510028,2094.0,1252.2168,2.260082718818358,1.8166522341755897,0.26090378666548736,25.263574314243424,2019-12-31,52956.172,Booking Holdings Inc,3734.5883333333336,1289.67,Consumer Discretionary,BKNG,3
73,-0.5053648068669528,46.6,22.755,1.4796605708982489,1.561260170075806,0.06629117811637814,16.219034963387347,2018-12-31,4757.7503,BorgWarner,655.2,23.05,Consumer Discretionary,BWA,3
74,-0.3443144152066563,147.83,96.69,1.9868617307258818,2.5064656934320606,0.1894641034726601,39.32784468257279,2019-12-31,15035.9757,Boston Properties,522.2733333333333,96.93,Real Estate,BXP,3
75,-0.409051909051909,46.62,27.16,0.8008961506935978,1.441560702182801,0.20647514372998002,129.6585297740686,2019-12-31,38465.307,Boston Scientific,2158.3333333333335,27.55,Health Care,BSX,3
76,-0.6246632124352332,48.25,18.04,12.459579908185935,13.602082675433158,-0.023889605248660833,-6.357109367638803,2019-12-31,1903.28858,Brighthouse Financial Inc,-84.33333333333333,18.11,Financials,BHF,3
77,-0.25212174422007616,68.34,42.48,1.5892113678964883,1.6231546538060764,0.13269349804965694,49.817929452017616,2019-12-31,115381.33,Bristol-Myers Squibb,3122.0,51.11,Health Care,BMY,3
78,-0.43428433560528373,331.58,180.2254,3.863095818544157,1.3753659595067707,0.26774059228145874,36.123767895724335,2019-11-03,74930.52,Broadcom,5548.666666666667,187.58,Information Technology,AVGO,3
79,-0.3360878547352397,91.97,56.9393,1.4240461214653106,1.8928063555634334,0.03765593667553146,21.348256013404526,2018-12-31,8236.5665,C. H. Robinson Worldwide,560.9273333333334,61.06,Industrials,CHRW,3
80,-0.0004497413986956605,44.47,31.97,1.2665458445352913,1.1717658080271114,0.16631755315722144,20.705751718840347,2018-03-31,18444.675,"CA, Inc.",575.6666666666666,44.45,Information Technology,CA,3
81,-0.3811934900542495,27.65,13.06,1.6140101922422143,0.9898187411905083,0.21369667714766896,54.05456217183263,2019-12-31,6819.6357,Cabot Oil & Gas,446.1686666666667,17.11,Energy,COG,3
82,-0.32089552238805974,80.4,54.1,1.5353622790050458,0.9858850444889754,0.23002551513712632,37.62480755818371,2019-12-28,15297.1725,Cadence Design Systems,512.9523333333333,54.6,Information Technology,CDNS,3
83,-0.0841538175738436,53.83,35.27,0.6710849961197417,8.0971953867052,0.05616649653933295,40.6155234741178,2019-07-28,14876.0279,Campbell Soup,453.0,49.3,Consumer Staples,CPB,3
84,-0.4846175295101775,107.59,55.44,48.562612926462236,6.409656647177564,0.14470028379539684,13.842494333981895,2018-12-31,25347.4714,Capital One Financial,3916.0,55.45,Financials,COF,3
85,-0.2713791398912506,60.69,41.03,1.1587192927737588,5.31961583734252,0.007064138379831268,30.382404310626555,2019-06-30,12902.6888,Cardinal Health Inc.,971.0,44.22,Health Care,CAH,3
86,-0.46743554952510175,103.18,51.27,2.5523053942255483,4.3615297816628695,0.04154664569586992,17.433986849368324,2019-02-28,8978.005,Carmax Inc,711.165,54.95,Consumer Discretionary,KMX,3
87,-0.7474432310625758,57.69,14.5,0.2206451808134261,0.713081160444061,0.16177816763365815,15.083010035655933,2018-11-30,10346.9292,Carnival Corp.,2845.6666666666665,14.57,Consumer Discretionary,CCL,3
88,-0.37954168050481574,150.55,87.5,1.3123755384829534,4.606826619697419,0.04239270392022928,-238.28478758576625,2018-12-31,51383.255,Caterpillar Inc.,2278.0,93.41,Industrials,CAT,3
89,-0.3462831235832096,127.93,82.03,1.6883373488612694,0.6112152091679798,0.20620720084035904,30.33382162997991,2018-12-31,9235.6792,Cboe Global Markets,338.34,83.63,Financials,CBOE,3
90,-0.406949806949807,64.75,34.6931,1.1726852630104203,1.7268458450953175,0.050717922353292276,16.671936826558145,2019-12-31,12855.9749,CBRE Group,1012.3516666666666,38.4,Real Estate,CBRE,3
91,-1.0,53.71,0.0,1.5636369534261407,7.301134955428968,0.08563088312848173,31.922680154721153,2018-12-31,0.0,CBS Corp.,1192.6666666666667,0.0,Consumer Discretionary,CBS,3
92,-0.022222222222222292,110.7,86.21,3.6309840593757614,3.7898857358712443,0.22297025060461162,28.760049271473296,2018-12-31,77035.921,Celgene Corp.,2995.0666666666666,108.24,Health Care,CELG,3
93,-0.21284965034965034,68.64,41.62,0.9683109943860156,2.1490581027244002,0.015308278980406454,16.86353167349935,2018-12-31,31703.1301,Centene Corporation,763.3333333333334,54.03,Health Care,CNC,3
94,-0.5996150144369586,31.17,12.35,1.394249328456847,3.8368710543738316,0.09284454876680796,21.808756359043116,2018-12-31,6267.9926,CenterPoint Energy,864.0,12.48,Utilities,CNP,3
95,-0.36078431372549025,15.3,8.45,0.7370263179559641,2.856126254151421,-0.07682218636465392,-2.6670343906346545,2019-12-31,10655.701,CenturyLink Inc,-1871.0,9.78,Telecommunication Services,CTL,3
96,-0.2517923362175526,80.9,56.11,2.487925251923527,0.4366959243779229,0.12633848569344652,33.364476606809546,2019-12-28,18881.6056,Cerner,675.497,60.53,Health Care,CERN,3
97,-0.5648232094288305,55.15,23.23,1.9325386405608054,3.0811700164954066,0.08652258351875537,26.70127565922921,2019-12-31,5188.1042,CF Industries Holdings Inc,380.3333333333333,24.0,Materials,CF,3
98,-0.40832526621490806,51.65,28.0,586.1061940984507,12.665456305744817,0.3215901506450333,21.058359452220298,2019-12-31,39306.883,Charles Schwab Corporation,3188.3333333333335,30.56,Financials,SCHW,3
99,-0.2880484502506678,546.54,343.15,0.3261959068592885,3.163792434241929,0.10086871822103771,44.11179867902007,2019-12-31,81703.756,Charter Communications,4264.333333333334,389.11,Consumer Discretionary,CHTR,3
100,-0.4526464583006125,127.34,69.69,1.1165295367017725,0.6674640709235584,0.05798553797331011,38.36698538921841,2019-12-31,130988.605,Chevron Corp.,8981.0,69.7,Energy,CVX,3
101,-0.39219168758242223,940.28,520.0001,1.8693651726377418,0.5052479357318151,0.027179736630009502,212.66841643669002,2018-12-31,15869.6899,Chipotle Mexican Grill,125.248,571.51,Consumer Discretionary,CMG,3
102,-0.39537379277453205,167.74,100.69,4.2168786183069145,2.2654817778365977,0.12371109889473063,16.433902111969847,2019-12-31,45832.507,Chubb Limited,4092.3333333333335,101.42,Financials,CB,3
103,-0.25385850104951224,80.99,47.98,0.879345225484227,1.4621919512520556,0.15513800760766697,22.82215522407041,2018-12-31,14845.2342,Church & Dwight,590.3333333333334,60.43,Consumer Staples,CHD,3
104,-0.32919337606837606,224.64,141.95,0.7432871821182321,2.890424100774851,0.046983027913802024,19.50173745632696,2019-12-31,55955.87,CIGNA Corp.,3326.0,150.69,Health Care,CI,3
105,-0.7930325058291043,72.91,13.01,1.401838889374034,0.9268560806398831,0.18116660051757075,-1.8545497722311015,2019-12-31,1541.23226,Cimarex Energy,387.187,15.09,Energy,XEC,3
106,-0.33564599373889503,118.19,78.05,7.813139065675117,1.675349328491377,0.16246945444099456,22.44470842086947,2019-12-31,12774.1041,Cincinnati Financial,1109.6666666666667,78.52,Financials,CINF,3
107,-0.33561891014074346,304.81,191.91,2.086887254901424,1.5851355631732142,0.1162663093453667,24.749339912523748,2019-05-31,21010.6143,Cintas Corporation,736.0916666666666,202.51,Industrials,CTAS,3
108,-0.42138688637143834,58.26,32.41,2.275925863424115,1.4646000454028687,0.14209688063727988,641.9191774816734,2019-07-27,142960.067,Cisco Systems,7113.333333333333,33.71,Information Technology,CSCO,3
109,-0.5043917699434485,83.11,39.57,9.072891161031576,7.970168100062949,0.12198400888301786,-3.292998409766493,2018-12-31,86425.272,Citigroup Inc.,8719.666666666666,41.19,Financials,C,3
110,-0.5517074352143375,41.29,18.51,201.61856317995742,6.563788802738915,0.2820772049789128,10.719151766944607,2019-12-31,7911.8034,Citizens Financial Group,1721.3333333333333,18.51,Financials,CFG,3
111,-0.15174262734584462,130.55,90.28,1.0324498089658893,4.875498844965726,0.11435845864562662,-199.06538974290217,2018-12-31,13549.9244,Citrix Systems,363.68666666666667,110.74,Information Technology,CTXS,3
112,-0.3408768193113242,225.36,148.455,1.0230077880409432,2.0831945647889563,0.6683291636429116,26.566155944727313,2019-12-31,53237.473,CME Group Inc.,2714.0333333333333,148.54,Financials,CME,3
113,-0.17666618476218013,69.17,53.55,0.8972045380650705,4.2323296865105124,0.08827032880274653,26.03166086353143,2019-12-31,16167.0789,CMS Energy,599.0,56.95,Utilities,CMS,3
114,-0.24729752203558963,60.13,41.17,1.049622061793175,3.8666675208032237,0.1588586424093479,72.0058343549305,2019-12-31,194319.286,Coca-Cola Company (The),5534.0,45.26,Consumer Staples,KO,3
115,-0.41776887107548427,74.85,43.01,3.2968272945188666,0.3830065637479508,0.11566516619647253,23.066289788230474,2018-12-31,23909.6013,Cognizant Technology Solutions,1719.3333333333333,43.58,Information Technology,CTSH,3
116,-0.19467769022090162,77.41,62.04,1.1771386774133925,-68.33214345567286,0.14540044034111,26.491624704052708,2019-12-31,53302.571,Colgate-Palmolive,2263.6666666666665,62.34,Consumer Staples,CL,3
117,-0.24507750314201932,47.74,34.44,0.7653705127991475,2.1951973054778313,0.16699771748537398,10.9817714255323,2018-12-31,164091.216,Comcast Corp.,14380.0,36.04,Consumer Discretionary,CMCSA,3
118,-0.6243430482560917,83.72,30.6,525.4784482758621,8.260663855158173,0.7570485219617962,18.121234613413037,2018-12-31,4445.332,Comerica Inc.,812.6666666666666,31.45,Financials,CMA,3
119,-0.23545939870750215,35.59,22.56,1.0919963045101981,1.788056925784213,0.08487593627833619,21.7135331148715,2019-05-26,13246.209,Conagra Brands,708.6666666666666,27.21,Consumer Staples,CAG,3
120,-0.6780695414759496,124.53,34.2,0.7576054900677676,0.5104092796612854,0.008734659215562712,6.269521241193639,2018-12-31,7885.9034,Concho Resources,593.1846666666667,40.09,Energy,CXO,3
121,-0.6252873563218391,69.6,25.91,1.9845148703881614,1.2012447854889283,0.11045760239376252,-0.017208050902692607,2019-12-31,28195.8707,ConocoPhillips,4197.0,26.08,Energy,COP,3
122,-0.16351209253417454,95.1,77.8,0.7434506469173646,2.2397049088669863,0.11395371774948727,17.65640702466561,2018-12-31,26551.8039,Consolidated Edison,1384.0,79.55,Utilities,ED,3
123,-0.4183606863110779,214.48,107.0,1.3827256449862402,1.5270294523347872,0.2974188433254316,13.835727550010574,2019-02-28,24012.3781,Constellation Brands,2429.9666666666667,124.75,Consumer Staples,STZ,3
124,-0.4606677985285796,35.34,18.42,2.7213735607243965,0.7683061484879684,0.1462644923304593,-8.433627657754755,2018-12-31,14554.75,Corning Inc.,1421.3333333333333,19.06,Information Technology,GLW,3
125,-0.12937342433745308,325.26,233.05,1.0062385676776224,2.1802806091620766,0.022287161508664246,29.80653592814498,2019-09-01,125046.62,Costco Wholesale Corp.,3157.3333333333335,283.18,Consumer Staples,COST,3
126,-0.5813295615275813,14.14,5.87,0.9285474406980078,1.9430516264171913,-0.1702347640384578,-30.04455924040324,2019-06-30,4502.462,"Coty, Inc",-1458.4,5.92,Consumer Staples,COTY,3
127,-0.19514074074074078,168.75,119.81,0.7906305588643193,2.000922547152063,0.11152631950053332,84.57584388228783,2019-12-31,56602.444,Crown Castle International Corp.,583.1833333333334,135.82,Real Estate,CCI,3
128,-0.008894230769230878,41.6,27.38,1.0080645161290323,13.812121212121212,0.0608852393350691,16.057189623355264,2017-03-31,6758.671371,CSRA Inc.,304000000.0,41.23,Information Technology,CSRA,1
129,-0.3939056112969157,80.73,47.56,1.1898769599071801,1.7919270781509546,0.30114899873506945,16.02620620341514,2018-12-31,37863.305,CSX Corp.,3498.0,48.93,Industrials,CSX,3
130,-0.29604241418090294,186.73,122.95,1.6308447343802535,1.4225352886707394,0.07286246426729513,18.788973445844203,2018-12-31,19752.9907,Cummins Inc.,1511.3333333333333,131.45,Industrials,CMI,3
131,-0.3210437491886279,77.03,51.72,1.0765164304781976,1.820955277503651,0.020912639682423854,-37.56698229135143,2018-12-31,68207.567,CVS Health,3781.6666666666665,52.3,Consumer Staples,CVS,3
132,-0.4987208186760473,62.54,31.2,33.63316778778613,0.5670706603877477,0.08552408900146334,11.9905555886181,2019-09-30,11485.5117,D. R. Horton,1372.4,31.35,Consumer Discretionary,DHI,3
133,-0.2455818901826349,169.19,123.53,1.2880644933897565,0.8114126654296046,0.14016054674040648,25.251221726020997,2018-12-31,88867.693,Danaher Corp.,2565.5666666666666,127.64,Health Care,DHR,3
134,-0.6167743945175609,128.41,46.17,0.5419207638895486,1.524642354931926,0.07480217678478117,20.934965892047515,2019-05-26,5979.5072,Darden Restaurants,596.1666666666666,49.21,Consumer Discretionary,DRI,3
135,-0.20421519689406556,90.15,43.4,2.0510999773947134,4.771554080548509,0.05031086366157625,34.02681856122559,2019-12-31,9007.0999,DaVita Inc.,544.6643333333334,71.74,Health Care,DVA,3
136,-0.3403483707896039,181.99,119.84,0.8280449235692823,5.497162750884674,0.07295493569999016,18.458809281638096,2019-11-03,37650.084,Deere & Co.,2593.5,120.05,Industrials,DE,3
137,-0.43552963430012603,63.44,31.23,0.4175133997856338,3.135442410000184,0.09519958335755345,9.746682254657527,2018-12-31,22921.7669,Delta Air Lines Inc.,3961.6666666666665,35.81,Industrials,DAL,3
138,-0.42204698537867585,60.87,34.37,1.9900388204849613,0.6512213629261768,-0.19217013032170896,9.981164455606063,2019-12-31,7790.2244,Dentsply Sirona,-766.0333333333334,35.18,Health Care,XRAY,3
139,-0.7860977677309975,35.39,6.5,1.812317833408336,1.5873497756801533,0.09758384285046558,0.82356592082535,2019-12-31,2898.55309,Devon Energy Corp.,1202.3333333333333,7.57,Energy,DVN,3
140,-0.10653854188426996,143.61,110.84,0.019550238495629275,1.2905185284054512,0.13622707961150354,62.19057942580262,2018-12-31,26821.7938,Digital Realty Trust Inc,335.2306666666667,128.31,Real Estate,DLR,3
141,-0.592708109270811,92.98,37.56,24.868596106930312,8.548229851649074,1.1239409016614215,10.254295473407161,2019-12-31,11676.759,Discover Financial Services,2599.3333333333335,37.87,Financials,DFS,3
142,-0.38710635769459295,33.66,19.29,2.687809147220158,2.941277523525361,0.0636773312559004,3.5288781293693834,2018-12-31,10273.6159,Discovery Inc. Class A,483.6666666666667,20.63,Consumer Discretionary,DISCA,3
143,-0.3942307692307693,31.2,18.23,2.6697171303298632,3.0615900721673746,0.06430510364835659,2.8267069457047427,2019-12-31,10121.8191,Discovery Inc. Class C,1092.3333333333333,18.9,Consumer Discretionary,DISCK,3
144,-0.5792655620241827,44.66,18.51,1.0661293613046259,3.6360731776985395,0.11917179251695786,13.034830182561555,2018-12-31,9828.1093,Dish Network,1707.8776666666668,18.79,Consumer Discretionary,DISH,3
145,-0.18717152412804589,167.44,114.18,1.4603732225413195,1.0866261863554305,0.061500361536384364,17.241209342353176,2019-02-01,34651.062,Dollar General,1459.855,136.1,Consumer Discretionary,DG,3
146,-0.44014702196976024,119.71,66.86,1.8397387615088692,1.5266676389631417,0.01687221398496323,7.268171926260828,2019-02-02,15861.0862,Dollar Tree,339.9,67.02,Consumer Discretionary,DLTR,3
147,-0.24469138519089004,90.89,67.88,0.5493839757622782,3.4152553350550483,0.20074602221083102,19.643700353413312,2018-12-31,57528.701,Dominion Energy,2523.0,68.65,Utilities,D,3
148,-0.36845168800931316,120.26,72.15,1.407311751288664,1.770593929878914,0.1211101289657537,20.427160283912837,2019-12-31,10961.7111,Dover Corp.,686.6166666666667,75.95,Industrials,DOV,3
149,-0.5758376199082441,71.93,36.09,4.307695077444822,0.8975801712811382,0.030480531676099553,80.7439948445493,2018-12-31,70634.3275,DowDuPont,3049.3333333333335,30.51,Materials,DWDP,3
150,-0.3880002948330507,135.67,79.92,0.9878624199066502,2.5501635366461963,0.08347078715860383,18.915726323225424,2018-12-31,15990.0836,DTE Energy Co.,1040.6666666666665,83.03,Utilities,DTE,3
151,-0.2621639849696503,103.79,76.0,0.6730023227681659,2.2859443681850973,0.11105227236889659,22.48806314653457,2018-12-31,56157.798,Duke Energy,2625.6666666666665,76.58,Utilities,DUK,3
152,-0.3274176954732511,38.88,26.13,105.63866341902032,0.7530651780629105,0.9479047064593217,20.40524667238385,2018-12-31,9632.17,Duke Realty Corp,776.7676666666666,26.15,Real Estate,DRE,3
153,-0.8382769414219705,67.09,10.79,1.0119618523375709,2.1833505708179515,0.03856888005638717,-37.42199865139967,2019-03-31,2752.87296,DXC Technology,961.6666666666666,10.85,Information Technology,DXC,3
154,-0.4851657940663176,57.3,28.39,750.7715821812595,7.953524587976517,0.30335565996150526,17.54135433766731,2018-12-31,6524.4559,E*Trade,739.3333333333334,29.5,Financials,ETFC,3
155,-0.5357391506149919,86.18,36.55,1.7533508415474708,1.8014244296235964,0.11106021172024627,11.46525087334206,2019-12-31,5441.0793,Eastman Chemical,1074.3333333333333,40.01,Materials,EMN,3
156,-0.2879561353753073,105.78,74.29,1.6053675697590464,0.9536862109466445,0.11630836617611502,14.932002936075735,2019-12-31,31137.2882,Eaton Corporation,2447.0,75.32,Industrials,ETN,3
157,-0.23238095238095233,42.0,30.63,1.64840641140011,3.3958913946180345,0.098202807178991,-2.8582556142733586,2019-12-31,25665.6527,eBay Inc.,1100.0,32.24,Information Technology,EBAY,3
158,-0.21359590986555577,211.24,157.41,1.312818708517945,1.5104565162736188,0.10367007387667178,30.777143117267503,2019-12-31,47870.136,Ecolab Inc.,1498.8,166.12,Materials,ECL,3
159,-0.41530470036741424,78.93,43.63,0.5982599625656312,3.143149775911444,0.038811006869850985,7.20587898429033,2019-12-31,16732.6054,Edison Int'l,475.3333333333333,46.15,Utilities,EIX,3
160,-0.3307623970279438,247.64,165.19,2.8734354886355704,0.7813304928336665,0.1853451631549183,39.96083096347181,2018-12-31,34657.956,Edwards Lifesciences,625.1,165.73,Health Care,EW,3
161,-0.2230789450626478,114.13,85.69,2.4600968570973802,0.8164251054063655,0.2026566870018732,30.853160905799555,2019-03-31,25685.3914,Electronic Arts,1009.6666666666666,88.67,Information Technology,EA,3
162,-0.40086756825720843,78.38,43.44,1.3013687915111658,1.3385171564347065,0.11717259592992713,20.8637356303003,2019-09-30,28732.0535,Emerson Electric Company,2009.0,46.96,Industrials,EMR,3
163,-0.3600885282183697,135.55,85.84,0.7823497632755881,4.6607178720193145,0.02114811224727514,11.051331041280976,2018-12-31,17324.3208,Entergy Corp.,236.50366666666665,86.74,Utilities,ETR,3
164,-0.00021739130434778284,46.0,23.77,3.4006881227152177,1.5390449050880177,-0.029158620336858797,-15.962823596491228,2017-12-31,5582.803041,Envision Healthcare,-228000000.0,45.99,Health Care,EVHC,1
165,-0.7117434423950318,107.89,28.11,1.2449393635764314,0.7666876987471664,0.19522996850674504,18.693678291414106,2019-12-31,18101.8808,EOG Resources,2912.1763333333333,31.1,Energy,EOG,3
166,-0.6024702653247942,21.86,4.21,1.0280273663901405,1.0086736129668727,-0.0667028192780722,0.022443460833319644,2019-12-31,2219.89504,EQT Corporation,-652.578,8.69,Energy,EQT,3
167,-0.21751532439157614,164.77,111.2,0.7407090311151454,1.3610273834828532,0.13932243973353095,30.557919860755376,2018-12-31,15630.9565,Equifax Inc.,458.6333333333333,128.93,Industrials,EFX,3
168,-0.1743835616438357,657.0,440.72,1.3804858964674507,1.7479555379534661,0.07220181080456062,110.43876047519531,2019-12-31,46347.338,Equinix,368.597,542.43,Real Estate,EQIX,3
169,-0.3170295924064768,89.55,61.1,1.3747740049990593,1.0123704394997652,0.7561893645431134,28.58968351008026,2018-12-31,22750.1732,Equity Residential,1851.0506666666668,61.16,Real Estate,EQR,3
170,-0.3306700182541821,334.17,223.13,1.7154114936489053,0.9798669458463142,0.305626702766461,38.50560891125281,2018-12-31,14800.7137,"Essex Property Trust, Inc.",412.7303333333333,223.67,Real Estate,ESS,3
171,-0.32410852009799473,220.42,146.98,1.7293269743468331,1.7729680654894262,0.10223529686163274,36.698352031661564,2019-06-30,53564.269,Estee Lauder Cos.,1380.6666666666667,148.98,Consumer Staples,EL,3
172,-0.37953178621181743,294.31,170.5,0.9025553364858224,1.9825534469908643,0.06921485314594829,0.039043569704285734,2019-12-31,7452.9352,Everest Re Group Ltd.,527.327,182.61,Financials,RE,3
173,-0.22369744518205587,99.42,69.09,0.6399893187998166,2.284114040979572,0.11969530475816081,23.52983503058142,2019-12-31,25469.4011,Eversource Energy,984.2113333333334,77.18,Utilities,ES,3
174,-0.40386869871043374,51.18,29.78,1.0633369113932278,3.0819009860823634,0.04252148030542191,51.282267980862265,2018-12-31,29726.5029,Exelon Corp.,1408.6666666666667,30.51,Utilities,EXC,3
175,-0.6201388888888889,144.0,53.52,0.6370012363985308,3.102123494802424,0.03529065155640069,52.95901258509184,2018-12-31,7657.3978,Expedia Inc.,355.27066666666667,54.7,Consumer Discretionary,EXPE,3
176,-0.280499755022048,81.64,57.8,2.252323278446285,0.6383543885736461,0.07296059951321106,22.210110712591604,2019-12-31,9971.9373,Expeditors International,565.9796666666666,58.74,Industrials,EXPD,3
177,-0.09092696353091516,101.73,66.93,0.7085125505934121,2.082037831593913,0.03447629783958177,15.463482349746902,2017-12-31,53915.84,Express Scripts,4146.266666666666,92.48,Health Care,ESRX,3
178,-0.34404627992929454,124.46,81.39,0.284036846003137,2.2606795354644347,0.37251072522707096,27.93109812285782,2019-12-31,10581.6054,Extra Space Storage,438.0896666666667,81.64,Real Estate,EXR,3
179,-0.5868966343274643,83.49,33.25,0.8125574279400904,0.8516127786596668,0.0688647122803267,18.345482171898734,2019-12-31,145968.234,Exxon Mobil Corp.,18296.666666666668,34.49,Energy,XOM,3
180,-0.4337634663194033,168.94,94.2401,1.4713547735239183,0.9897984506573162,0.20065529501880577,20.574644088420868,2019-09-30,5816.5202,F5 Networks,434.0613333333333,95.66,Information Technology,FFIV,3
181,-0.3487511150758252,224.2,143.1,8.169701426386167,0.2045742595651043,0.34980735681820674,27.050770482786334,2019-12-31,416194.167,"Facebook, Inc.",18843.666666666668,146.01,Information Technology,FB,3
182,-0.19308064105825498,39.31,28.38,5.107101215920962,0.4186570624668193,0.14383504025642818,16.57765975002666,2019-12-31,18219.8415,Fastenal Co,707.1333333333333,31.72,Industrials,FAST,3
183,-0.3976653696498054,141.35,84.96,0.2707891131574023,1.7099697791663828,0.3268510003712319,33.6350000609368,2019-12-31,6440.9943,Federal Realty Investment Trust,295.229,85.14,Real Estate,FRT,3
184,-0.5460064218342364,199.32,90.49,1.4775133188033707,1.9265557722221918,0.04242965179981068,40.3514647709827,2019-05-31,23628.6587,FedEx Corporation,2703.0,90.49,Industrials,FDX,3
185,-0.31515074900448775,158.21,104.87,1.1575627219532976,1.420680873872442,0.10216137223443496,36.40886492281202,2018-12-31,66778.485,Fidelity National Information Services,911.0,108.35,Information Technology,FIS,3
186,-0.5641592920353983,31.64,13.71,0.06367535795771366,7.817119932665276,1.5253962820214146,10.517487288053092,2018-12-31,9806.5244,Fifth Third Bancorp,1983.6666666666667,13.79,Financials,FITB,3
187,-0.346915460776847,52.52,33.865,0.5937279191868877,-3.8232791319323085,0.02645259841322367,11.088840823961215,2019-12-31,18546.4893,FirstEnergy Corp,178.66666666666666,34.3,Utilities,FE,3
188,-0.31083566573370647,125.05,81.62,1.0698093384490162,2.6767056631705017,0.17008585281415334,34.60843936959434,2019-12-31,58524.754,Fiserv Inc,1108.6666666666667,86.18,Information Technology,FISV,3
189,-0.4613055181695827,59.44,28.48,3.4290816553846857,0.563393472053695,0.10318011146016008,41.174618121691296,2019-12-31,4305.281,FLIR Systems,187.08166666666665,32.02,Information Technology,FLIR,3
190,-0.5845642540620384,54.16,20.58,2.0710255332730543,1.8972658135970955,0.021713691207581893,730.5599614706402,2018-12-31,2945.27258,Flowserve Corporation,84.926,22.5,Industrials,FLS,3
191,-0.8561202576950608,41.91,5.93,1.5229653756176156,1.915998772149618,0.012105427803658612,29.2594329252985,2018-12-31,845.24928,Fluor Corp.,232.537,6.03,Industrials,FLR,3
192,-0.3471545462903373,108.77,61.85,1.4985198633798475,2.5091179661854675,0.13196524673458754,22.36816131512099,2019-12-31,9169.0957,FMC Corporation,505.1,71.01,Materials,FMC,3
193,-0.6362238622386225,65.04,20.4601,3.91311095541924,0.5045883782085528,0.06337999279595895,15.48749171192071,2019-02-02,2474.00781,Foot Locker Inc,496.3333333333333,23.66,Consumer Discretionary,FL,3
194,-0.5255681818181819,10.56,5.0,1.2087324356601254,6.562050231277588,0.03389968300726355,8.535,2018-12-31,19864.2995,Ford Motor,5291.666666666667,5.01,Consumer Discretionary,F,3
195,-0.42065265981224853,89.48,50.8,1.6588494472403188,1.5913431960427633,0.24774155932631833,18.468135381274585,2018-12-31,17439.7542,Fortive Corp,1598.5666666666668,51.84,Industrials,FTV,3
196,-0.44186681222707425,73.28,40.135,1.4144163459767176,1.4837109685215044,0.07846775341569372,19.592694218685224,2019-12-31,5724.8548,Fortune Brands Home & Security,431.3666666666667,40.9,Industrials,FBHS,3
197,-0.5041876046901173,35.82,15.3,13.110240625316768,0.43643799511720655,0.19782167048549634,15.838377982409142,2019-09-30,8824.9088,Franklin Resources,1218.9333333333332,17.76,Financials,BEN,3
198,-0.5749318801089918,14.68,6.2,2.6021281976766577,4.0506360982067955,-0.009884423631189706,4.400210565496014,2018-12-31,9054.0524,Freeport-McMoRan Inc.,88.33333333333333,6.24,Materials,FCX,3
199,-0.6911111111111111,27.0,7.75,1.856869448249249,1.4756544878055458,0.05251573559746326,12.82955610639148,2019-02-02,3113.31379,Gap Inc.,842.3333333333334,8.34,Consumer Discretionary,GPS,3
200,-0.3289448759234704,105.58,67.5,2.8789656706447104,0.31152587159960166,0.2005625263716229,0.017920583966444355,2018-12-29,13510.1747,Garmin Ltd.,633.283,70.85,Consumer Discretionary,GRMN,3
201,-0.4600651996740016,171.78,90.95,0.8427341829569781,16.860509511662844,0.03699425034404281,1131.1066748958717,2018-12-31,8264.1736,Gartner Inc,106.439,92.75,Information Technology,IT,3
202,-0.3460982658959537,193.76,126.26,1.270191506725394,2.5108581994237866,0.09165910371652802,17.191260831514906,2019-12-31,36655.067,General Dynamics,3247.0,126.7,Industrials,GD,3
203,-0.497737556561086,13.26,6.65,2.1165740013607772,5.891726655158269,-0.05327125904970862,13.364566666666667,2018-12-31,57942.0,General Electric,-6436.666666666667,6.66,Industrials,GE,3
204,-0.05354609929078007,56.4,46.59,0.6380873861161768,3.765030924519973,0.11514115965084872,16.64067753802843,2019-05-26,32285.1328,General Mills,1847.0666666666668,53.38,Consumer Staples,GIS,3
205,-0.4988066825775656,41.9,21.0,0.9014061583490068,4.659401859058871,0.028205881943097408,-1.1674791370654913,2018-12-31,30008.9979,General Motors,4525.666666666667,21.0,Consumer Discretionary,GM,3
206,-0.3841145833333333,115.2,70.0,1.340447301666187,2.362487078488176,0.04195950424338313,20.625797723776667,2018-12-31,10314.8524,Genuine Parts,704.8236666666667,70.95,Consumer Discretionary,GPC,3
207,-0.14303482587064675,80.4,60.89,3.072895597494904,2.050460094007491,0.22124115030826874,17.909551223401007,2019-12-31,87064.805,Gilead Sciences,5156.333333333333,68.9,Health Care,GILD,3
208,-0.3329357885697929,209.62,132.23,1.1269033146143836,1.7790321300499887,0.11326351222742913,51.62154362347936,2019-12-31,41896.845,Global Payments Inc.,450.3636666666667,139.83,Information Technology,GPN,3
209,-0.38249620697915837,250.46,150.0,3.719096495662759,9.459447019548898,-1.9391781273352813,14.493659405009813,2018-12-31,53461.787,Goldman Sachs Group,7381.0,154.66,Financials,GS,3
210,-0.7014492753623188,20.7,6.05,1.212025869404379,2.613103327327918,0.05022378472241005,12.532699679429209,2018-12-31,1438.01178,Goodyear Tire & Rubber,767.6666666666666,6.18,Consumer Discretionary,GT,3
211,-0.3377668782458165,346.6,224.0,2.117246895337964,2.2195335769859548,0.06188311677572867,22.665014089879005,2018-12-31,12315.7309,Grainger (W.W.) Inc.,657.886,229.53,Industrials,GWW,3
212,-0.8160990712074303,32.3,5.8,2.2790726531130443,1.970100608581036,-0.0013041985235193985,-26.70865930990773,2019-12-31,5226.6711,Halliburton Co.,20.666666666666668,5.94,Energy,HAL,3
213,-0.5612565445026177,19.1,8.105,1.8980492610645998,6.723297044104124,0.060109766884046345,50.28192247218786,2018-12-29,3037.38138,Hanesbrands Inc,384.7866666666667,8.38,Consumer Discretionary,HBI,3
214,-0.5019323671497584,41.4,19.23,1.2742883673701952,4.523496286693658,0.10026091009016473,15.376934311679184,2018-12-31,3150.90099,Harley-Davidson,581.7913333333333,20.62,Consumer Discretionary,HOG,3
215,-0.46613545816733065,62.75,32.35,5.435325097608051,10.555907871063647,-0.013388595955099683,7.559448762835853,2018-12-31,12001.4418,Hartford Financial Svc.Gp.,-142.66666666666666,33.5,Financials,HIG,3
216,-0.6474343816505085,126.87,44.69,3.563246070705292,1.948927330607915,0.07817371983242048,35.33876991465157,2019-12-29,6122.5078,Hasbro Inc.,379.165,44.73,Consumer Discretionary,HAS,3
217,-0.44429821675330655,151.97,83.87,1.5089701626640801,-6.973434167850541,0.06407340461724291,12.20269431035644,2018-12-31,28580.1595,HCA Holdings,2964.3333333333335,84.45,Health Care,HCA,3
218,-0.05985705777248357,33.58,24.47,0.0,1.4720034704837939,0.3644927863856516,21.479478886891958,2018-12-31,15089.9231,HCP Inc.,701.003,31.57,Real Estate,HCP,3
219,-0.7753086419753086,64.8,14.13,3.0875742356467453,0.4732775729091367,0.03699627850107857,-46.34463328426773,2019-09-30,1605.50208,Helmerich & Payne,106.93466666666667,14.56,Energy,HP,3
220,-0.5810282013223587,74.11,27.6,2.1507334582473447,1.0955063759038366,-0.6877517427762875,-22.053048369196393,2018-12-31,9476.9254,Hess Corporation,-3496.0,31.05,Energy,HES,3
221,-0.5252984650369529,17.59,7.59,0.9759509271020385,1.7531215517963545,0.036587838769938465,34.497108242406206,2019-10-31,10757.6392,Hewlett Packard Enterprise,1100.3333333333333,8.35,Information Technology,HPE,3
222,-0.39781780394873567,115.48,63.83,0.9943449087085744,11.249324975467154,0.08445632796152724,33.202108852091705,2018-12-31,19293.7349,Hilton Worldwide Holdings Inc,790.3333333333334,69.54,Consumer Discretionary,HLT,3
223,-0.416289592760181,55.25,32.13,1.232271937643471,1.9625222473788504,0.05064687892920871,-49.61498275298893,2019-09-28,8491.4893,Hologic,146.86666666666665,32.25,Health Care,HOLX,3
224,-0.333117723156533,247.36,163.11,1.1772272866848672,4.703462684883854,0.09080745657833111,21.443681341505243,2019-02-03,179943.309,Home Depot,9236.0,164.96,Consumer Discretionary,HD,3
225,-0.265076605454743,184.06,124.01,1.3592959682548873,2.1369580522547187,0.10834148926169,33.940118889682594,2018-12-31,95674.712,Honeywell Int'l Inc.,4409.666666666667,135.27,Industrials,HON,3
226,-0.12750716332378217,48.86,37.0,1.9506743763339303,0.4121650672737023,0.10048493595408341,21.498433344257023,2019-10-27,22925.3919,Hormel Foods Corp.,945.8936666666666,42.63,Consumer Staples,HRL,3
227,-0.518759379689845,19.99,8.975,1.003912052302696,0.6571426134407402,0.15656502340188724,12.906401529401181,2019-12-31,6719.7046,Host Hotels & Resorts,857.0,9.62,Real Estate,HST,3
228,-0.3957375679063936,23.93,14.32,0.8815190224982524,-31.630637371932693,0.06442456166620965,10.047214008697935,2019-10-31,20726.2413,HP Inc.,3668.3333333333335,14.46,Information Technology,HPQ,3
229,-0.29815584415584423,385.0,225.65,1.8672495199616985,1.5464179529221127,0.028797626700553542,31.74526339759969,2018-12-31,35701.223,Humana Inc.,1581.6666666666667,270.21,Health Care,HUM,3
230,-0.46065259117082535,15.63,7.75,5.325199894900872,8.701974974879606,21.624737465701376,13.66826532575103,2018-12-31,8623.7215,Huntington Bancshares,1096.9403333333332,8.43,Financials,HBAN,3
231,-0.4398841657430911,279.71,156.47,1.3756704702513378,2.8929478075637305,0.08256438896014463,16.122332165266887,2018-12-31,6385.8693,Huntington Ingalls Industries,629.3333333333334,156.67,Industrials,HII,3
232,-0.2444556962025316,296.25,213.34,0.9178827035616219,-61.98248553105478,0.1605656900512541,49.94577958575157,2019-12-31,19099.3244,IDEXX Laboratories,355.965,223.83,Health Care,IDXX,3
233,-0.3728107777097367,81.65,49.0,0.5568155077896054,0.91083431915449,0.1216504171220298,44.920832802777056,2019-11-30,21763.84,IHS Markit Ltd.,487.3,51.21,Industrials,INFO,3
234,-0.21812942101126537,190.85,136.92,2.077881575385456,2.9299558437437123,0.14701697362812982,24.570897657382957,2018-12-31,47580.885,Illinois Tool Works,2095.0,149.22,Industrials,ITW,3
235,-0.44579262527576424,380.76,205.78,3.257729031920329,0.9040985718660814,0.23484470320329665,48.64650575697096,2018-12-30,31019.9398,Illumina Inc,671.5496666666667,211.02,Health Care,ILMN,3
236,-0.26025415848744715,96.79,67.13,3.984031818040965,1.2307308788013576,-0.017133307273556168,82.89017711405798,2018-12-31,15521.1612,Incyte,-33.14233333333333,71.6,Health Care,INCY,3
237,-0.8552945182158666,146.85,19.69,1.3831952668482597,1.5715879484404998,0.09546479197437258,16.496114073179253,2018-12-31,5066.0209,Ingersoll-Rand PLC,1372.1333333333332,21.25,Industrials,IR,3
238,-0.356184153557512,69.29,42.86,1.608342476694429,0.7544692179712462,0.24753665692223756,14.861498776630492,2019-12-28,190796.972,Intel Corp.,17234.0,44.61,Information Technology,INTC,3
239,-0.27273619150397344,101.93,72.47,0.9951429941717717,4.16507278748011,0.34764472732845714,22.47618634734451,2019-12-31,41027.244,Intercontinental Exchange,2145.0,74.13,Financials,ICE,3
240,-0.37587401574803153,158.75,95.0,1.2119455488647992,6.25769514088658,0.10153421907765896,16.897324948663627,2019-12-31,88023.466,International Business Machines,7970.666666666667,99.08,Information Technology,IBM,3
241,-0.38031693077564643,47.96,28.2,1.6080540932882095,4.813459693246091,0.07594081116222721,14.314282290120394,2018-12-31,11653.9546,International Paper,1686.6666666666667,29.72,Materials,IP,3
242,-0.398015873015873,25.2,14.67,0.9815334290641546,5.161517761401943,0.07157128060955283,14.666448675249695,2018-12-31,5883.2901,Interpublic Group,602.1333333333333,15.17,Consumer Discretionary,IPG,3
243,-0.3364498202026806,152.95,94.98,2.3233471291992984,1.334763794573018,0.08703593270614796,37.474729537625414,2019-12-31,10839.3349,Intl Flavors & Fragrances,363.773,101.49,Materials,IFF,3
244,-0.27195412036886174,306.89,222.38,1.230687944297827,1.2933350148361245,0.20670753984823795,40.79991929140474,2019-07-31,58201.055,Intuit Inc.,1246.3333333333333,223.43,Information Technology,INTU,3
245,-0.34686591276252016,619.0,402.2401,4.599544117083312,0.19041705394959765,0.2937285991544099,57.20369933449185,2019-12-31,46891.172,Intuitive Surgical Inc.,1055.7333333333333,404.29,Health Care,ISRG,3
246,-0.6055004508566276,22.18,8.25,1.9676981571005878,2.3654767283730727,0.15896361165798625,12.067185191003027,2019-12-31,3967.2937,Invesco Ltd.,858.2666666666667,8.75,Financials,IVZ,3
247,-0.4216391282867651,182.17,98.04,8.682511110040288,0.15822928186795296,0.2201958760531487,31.70610452866634,2019-12-31,5590.2648,IPG Photonics Corp.,310.625,105.36,Information Technology,IPGP,3
248,-0.3948208584604469,169.14,94.2,1.1726220654411663,1.8732209104673627,0.058667723636592846,70.61502951544895,2018-12-31,19736.748,IQVIA Holdings Inc.,561.0,102.36,Health Care,IQV,3
249,-0.3279672578444748,36.65,24.52,1.118268605532724,4.321717541958728,0.05454579862627671,53.99770379280117,2018-12-31,7077.2582,Iron Mountain Incorporated,217.332,24.63,Real Estate,IRM,3
250,-0.38359636928612323,122.29,75.29,1.3312543151433387,1.4213113152512988,0.06953962181291008,21.564872971290285,2019-12-31,8009.8033,J. B. Hunt Transport Services,564.056,75.38,Industrials,JBHT,3
251,-0.12479608482871121,98.08,72.45,1.4472347005975645,0.9442101083275046,0.035594661079392693,32.57359815500044,2019-09-27,11438.0933,Jacobs Engineering Group,435.0456666666667,85.84,Industrials,JEC,3
252,-0.16032079732149812,128.43,91.88,1.0313766757039875,1.1062634503739435,0.10923319688602211,20.370157849158925,2019-04-30,12297.857,JM Smucker,815.1,107.84,Consumer Staples,SJM,3
253,-0.17715210355987057,154.5,122.43,1.4530027713659723,1.5781239369476578,0.07348218535572694,206.1865959156461,2018-12-31,335159.165,Johnson & Johnson,5965.666666666667,127.13,Health Care,JNJ,3
254,-0.31726907630522083,44.82,28.58,1.1514185144460758,1.3275094908076432,0.11965989601568112,15.199881091475191,2019-09-30,23341.099,Johnson Controls International,3149.0,30.6,Industrials,JCI,3
255,-0.37377746279234586,141.1,84.55,1.3670188481259495,8.977367373814742,0.2672364365232898,12.977480715866648,2018-12-31,271616.868,JPMorgan Chase & Co.,27216.0,88.36,Financials,JPM,3
256,-0.35731664928745227,28.77,15.2,2.3940660214530247,0.9960113480374236,0.10055446355175345,23.47745197874424,2018-12-31,6111.4445,Juniper Networks,488.6,18.49,Information Technology,JNPR,3
257,-0.3604905089870654,178.59,109.85,1.2014627210872824,1.0675612960690388,0.26388445831974633,18.932723453146753,2019-12-31,10981.3934,Kansas City Southern,709.4333333333334,114.21,Industrials,KSU,3
258,-0.513395031660984,20.53,9.99,15.9582224066887,7.875972434612296,0.2542709588148755,12.374624228604171,2019-12-31,9689.2006,KeyCorp,1626.3333333333333,9.99,Financials,KEY,3
259,-0.0972994706158278,149.23,118.51,0.8452589379867922,-57.55159607239952,0.10667741382871458,21.85324464111927,2018-12-31,45998.08,Kimberly-Clark,1951.3333333333333,134.71,Consumer Staples,KMB,3
260,-0.515096065873742,21.86,10.0,0.7028917241573374,1.126535013062636,0.36859314519622605,20.068133119590673,2018-12-31,4577.3025,Kimco Realty,434.24,10.6,Real Estate,KIM,3
261,-0.4362267493356952,22.58,12.65,0.6104433492797775,1.2966135756352004,0.09763577442136416,85.34554866499764,2019-12-31,28834.2139,Kinder Morgan,1327.3333333333333,12.73,Energy,KMI,3
262,-0.2981029810298103,184.5,101.34,3.19030549658135,2.67540174066326,0.24072125850579149,17.773212135393965,2019-06-30,20301.9735,KLA-Tencor Corp.,967.986,129.5,Information Technology,KLAC,3
263,-0.7403504149650902,75.91,19.7,1.8487640190280221,1.4455102513050184,0.03811237125133044,13.415240271365247,2019-02-02,3085.95507,Kohl's Corp.,738.6666666666666,19.71,Consumer Discretionary,KSS,3
264,-0.34813499111900537,33.78,19.99,0.9849468343707328,0.9296046675259481,0.036255902082193314,7.377974979924912,2019-12-28,26895.231,Kraft Heinz Co,914.0,22.02,Consumer Staples,KHC,3
265,-0.07715133531157274,33.7,20.7,0.7813089681988133,4.2168405427910995,0.019446211310527563,12.094592530815243,2019-02-02,24506.8001,Kroger Co.,2330.6666666666665,31.1,Consumer Staples,KR,3
266,-0.5985527222605099,29.02,10.04,1.661105339754952,-11.446243139997579,0.07285484844075214,14.167957713483858,2019-02-02,3220.93363,L Brands Inc.,928.3333333333334,11.65,Consumer Discretionary,LB,3
267,0.13782545535814061,223.725,158.76,3.55556084966609,1.4615694836995718,0.08197202017630474,17.672266666666665,2018-12-31,20262.976,L-3 Communications Holdings,797.3333333333334,254.56,Industrials,LLL,3
268,-0.3791505398248116,196.36,121.57,1.3921378829120836,1.4450249752405704,0.09178722819679674,15.645988178883755,2018-12-31,11861.8429,Laboratory Corp. of America Holding,961.3333333333334,121.91,Health Care,LH,3
269,-0.3798210966542751,344.32,171.04,3.204318236593292,1.0884409002446458,0.2179294299788154,13.562801608343444,2019-06-30,31080.319,Lam Research,2089.958,213.54,Information Technology,LRCX,3
270,-0.5046914471309997,55.42,27.25,1.851224201026797,1.8800449080796942,0.08292324154171006,18.97361171470382,2018-12-31,3627.16083,Leggett & Platt,328.1666666666667,27.45,Consumer Discretionary,LEG,3
271,-0.4855701877276548,71.38,36.48,10.93179815997226,1.1755348447657648,0.0765989437514649,11.213816096000864,2018-11-30,11174.6673,Lennar Corp.,1139.385,36.72,Consumer Discretionary,LEN,3
272,-0.12504226685602224,147.87,101.36,1.4747089383583472,2.7059912894629345,0.08389762967904953,-125.52900048658574,2018-12-31,123736.711,Lilly (Eli) & Co.,1921.8333333333333,129.38,Health Care,LLY,3
273,-0.6790580568720379,67.52,21.45,39391.227404193785,17.371215545366777,0.11172007297275051,9.859678532901746,2018-12-31,4233.71136,Lincoln National,1637.3333333333333,21.67,Financials,LNC,3
274,-0.4441714441714442,36.63,20.23,2.572001491218739,1.388351234761252,0.04617383796706261,20.495900944941724,2019-12-31,6253.5337,LKQ Corporation,518.374,20.36,Consumer Discretionary,LKQ,3
275,-0.3493322486611077,442.53,285.0,1.241224620651495,-7.907084306323668,0.07907860223419262,26.391849947767188,2019-12-31,81161.069,Lockheed Martin Corp.,4426.0,287.94,Industrials,LMT,3
276,-0.41244725738396626,56.88,32.22,0.7838663810301405,3.22502010506324,0.06412762575340285,18.408736588228642,2019-12-31,9617.2728,Loews Corp.,910.6666666666666,33.42,Financials,L,3
277,-0.42720744890712536,126.73,71.18,1.0131673504902534,5.9422257809017625,0.04341879850067879,25.055647995227144,2019-02-01,55638.417,Lowe's Cos.,2951.3333333333335,72.59,Consumer Discretionary,LOW,3
278,-0.6471539783641693,98.91,33.71,2.162689580746197,2.1871034747321825,0.13105879135315443,8.758145092626608,2018-12-31,11641.0706,LyondellBasell,4468.333333333333,34.9,Materials,LYB,3
279,-0.4335875256089233,175.72,94.605,55.38781779926261,6.564327652175336,3.057707120821039,14.14486979541268,2019-12-31,12934.0232,M&T Bank Corp.,1751.845,99.53,Financials,MTB,3
280,-0.7840375586854459,44.73,8.5,0.13977435980258807,2.010782668723906,0.10465082637457641,73.37832354889542,2019-12-31,1364.9289,Macerich,100.99,9.66,Real Estate,MAC,3
281,-0.7451576148879605,26.33,6.5,1.413407867625561,2.6635317858240453,0.04355676678058257,10.395209413362624,2019-02-02,2073.15507,Macy's Inc.,1091.3333333333333,6.71,Consumer Discretionary,M,3
282,-0.7886951928156366,18.93,3.32,1.5114849391046936,0.8035756525921939,-0.49824987818160693,1.4867950828076293,2018-12-31,3183.39994,Marathon Oil Corp.,-2255.6666666666665,4.0,Energy,MRO,3
283,-0.7086862885857861,69.65,19.99,1.2972798956583984,2.020789098575286,0.03220737039133239,12.181023109777769,2019-12-31,13178.4366,Marathon Petroleum,2949.6666666666665,20.29,Energy,MPC,3
284,-0.4365995175695938,153.39,78.12,0.44859260355823505,16.567655351415574,0.07083218061070368,31.112665153423972,2019-12-31,28018.6614,Marriott Int'l.,1517.3333333333333,86.42,Consumer Discretionary,MAR,3
285,-0.2671004337671004,119.88,86.26,1.2355370749174248,1.830162384310902,0.11686160367926406,25.59874554486674,2018-12-31,44272.476,Marsh & McLennan,1636.6666666666667,87.86,Financials,MMC,3
286,-0.39184585905897384,281.82,170.98,2.4092102777300455,0.9153710724786063,0.1399124331027992,23.755349518940694,2019-12-31,10660.2691,Martin Marietta Materials,598.4133333333334,171.39,Materials,MLM,3
287,-0.2980423491809828,50.06,34.771,1.8756408602128187,-53.43016909526977,0.07475886591221148,19.564131753041476,2018-12-31,9759.6078,Masco Corp.,586.0,35.14,Industrials,MAS,3
288,-0.32138228941684666,347.25,227.84,1.5998916655980429,2.9368228966619667,0.3606173063929515,35.06112705673141,2018-12-31,236854.166,Mastercard Inc.,4611.0,235.65,Information Technology,MA,3
289,-0.46999325691166555,14.83,7.0067,1.9106117044705992,4.2111842611378645,-0.09190142940002538,5.993283806071297,2018-12-31,2726.40614,Mattel Inc.,-423.03766666666667,7.86,Consumer Discretionary,MAT,3
290,-0.310516668576011,174.58,119.2006,0.856356501185758,2.364284285034916,0.1261284248049134,24.14025817375334,2018-11-30,15993.8028,McCormick & Co.,627.7,120.37,Consumer Staples,MKC,3
291,-0.32857207227504176,221.93,147.6283,1.396206835310333,-8.124442166614559,0.26506088555111074,25.262644239840977,2019-12-31,111079.047,McDonald's Corp.,5714.0,149.01,Consumer Discretionary,MCD,3
292,-0.2956208618887211,172.18,111.71,1.0240359026597383,5.3421217786926425,0.008672507236364953,393.100845628569,2019-03-31,21458.0695,McKesson Corp.,1723.6666666666667,121.28,Health Care,MCK,3
293,-0.3661072451903397,122.15,76.3,2.2069693180614536,0.8590612622376276,0.1302530337328406,29.43726756594945,2019-04-26,103769.358,Medtronic plc,3921.0,77.43,Health Care,MDT,3
294,-0.24525043177892916,92.64,67.12,1.2441960741155411,1.9705912179018428,0.1389582318075287,40.1076212163505,2019-12-31,177335.992,Merck & Co.,6152.333333333333,69.92,Health Care,MRK,3
295,-0.496996996996997,53.28,26.0,26.737346553311074,11.885953370442195,0.05078818484645407,30.69629785293115,2018-12-31,24544.1884,MetLife Inc.,3311.0,26.8,Financials,MET,3
296,-0.2872090760266053,873.51,595.91,1.451475902753085,4.24207654429357,0.16636227150195274,35.38754394615389,2019-12-31,14975.9949,Mettler Toledo,483.2306666666667,622.63,Health Care,MTD,3
297,-0.7040993071593533,34.64,10.22,0.9601751068025718,3.2844651270541356,0.12682707280304154,16.925916458556987,2019-12-31,5047.4486,MGM Resorts International,1492.068,10.25,Consumer Discretionary,MGM,3
298,-0.5041344358495599,112.47,55.77,1.9561775833718034,1.779419610917122,0.05966661404232035,79.05101571999897,2019-03-31,13359.0344,Microchip Technology,258.64633333333336,55.77,Information Technology,MCHP,3
299,-0.4366726589311979,61.19,32.14,2.568492296898171,0.5344260429934046,0.32841341107352906,6.2472437959869,2019-08-29,38291.689,Micron Technology,8512.333333333332,34.47,Information Technology,MU,3
300,-0.2898793917147352,190.7,115.52,2.635637398311067,2.0865961488609384,0.23256736946852788,31.875088641091647,2019-06-30,1030011.22,Microsoft Corp.,25671.666666666668,135.42,Information Technology,MSFT,3
301,-0.2950698549167114,148.88,103.55,1.2977494531174163,-1.0,0.180057605727756,40.81624372407198,2018-12-31,11992.7409,Mid-America Apartments,251.939,104.95,Real Estate,MAA,3
302,-0.4544699872286079,156.6,81.33,1.5157920522292987,0.7080311531213398,0.0877744015381855,15.33957898485248,2019-12-31,6123.0075,Mohawk Industries,859.1843333333334,85.43,Consumer Discretionary,MHK,3
303,-0.34934701492537307,64.32,36.32,0.6581596280425909,1.3618814587236117,0.17057863099567017,11.672185237300647,2018-12-31,9059.1857,Molson Coors Brewing Company,1502.2,41.85,Consumer Staples,TAP,3
304,-0.24783188792528352,59.96,44.74,0.47615328253032935,1.4101217701509772,0.13093031470708724,20.51945588482171,2019-12-31,64625.594,Mondelez International,3391.0,45.1,Consumer Staples,MDLZ,3
305,-7.814331483945546e-05,127.97,114.19,1.5389013318845863,2.600801477258665,0.13585875718740978,25.462026882084576,2017-08-31,56812.02,Monsanto Co.,1952.0,127.96,Materials,MON,3
306,-0.18547929665343163,70.52,52.23,3.409432534306155,0.23945509327092387,0.25604542957059845,35.4638708657139,2019-12-31,30839.3062,Monster Beverage,973.839,57.44,Consumer Staples,MNST,3
307,-0.35456919060052217,287.25,175.92,1.5962801360697816,2.753564306722081,0.27575078689894483,27.340191760028503,2019-12-31,34708.361,Moody's Corp,1244.0666666666668,185.4,Financials,MCO,3
308,-0.45023449713392394,57.57,30.36,210.78492351386785,9.874089929781741,-6.218874682959246,10.925010708928435,2019-12-31,48500.457,Morgan Stanley,7967.0,31.65,Financials,MS,3
309,-0.22534535175209344,187.49,136.01,1.3424526499613887,-7.922582204823473,0.06666837744615164,-17.09868000178098,2018-12-31,24774.8956,Motorola Solutions Inc.,457.0,145.24,Information Technology,MSI,3
310,-0.4866894197952219,29.3,12.7501,1.2436641368892745,1.6704008180855954,0.030246585500140005,217.28049098044698,2019-12-31,7763.3019,Mylan N.V.,355.1,15.04,Health Care,MYL,3
311,-0.2904433169757964,120.23,83.08,1.0117346500394617,1.677332121358693,0.15793636117638907,24.557657339694895,2019-12-31,14077.1738,"Nasdaq, Inc.",655.3333333333334,85.31,Financials,NDAQ,3
312,-0.6983316309159006,29.37,8.51,2.920012630405269,0.46089314628719985,-0.12291969467526337,-153.67040823512764,2018-12-31,3419.4903,National Oilwell Varco Inc.,-893.3333333333334,8.86,Energy,NOV,3
313,-0.6089189189189189,37.0,13.63,9.122788793122021,1.8175789533443305,-1.195994578584268,-27.892585564854798,2019-12-31,2569.24979,Nektar Therapeutics,47.98466666666666,14.47,Health Care,NKTR,3
314,-0.48883216336949586,78.35,35.86,1.6155768060162403,4.402210525423951,0.0984297495391766,82.25823950191115,2019-04-26,8858.1386,NetApp,584.6666666666666,40.05,Information Technology,NTAP,3
315,-0.24059768245578372,393.52,252.28,1.266225835738693,3.915681867325342,0.07237037272352205,107.1321747846597,2019-12-31,131133.088,Netflix Inc.,1212.3623333333333,298.84,Information Technology,NFLX,3
316,-0.41495950452596475,20.99,11.26,1.705013890652336,1.9577329768027318,-0.20136543742777743,26.695444901826814,2019-12-31,5200.5801,Newell Brands,-1354.1666666666667,12.28,Consumer Discretionary,NWL,3
317,-0.22419047619047625,52.5,29.77,3.0857021638804767,0.957468474646093,-0.047094327855997264,-59.20707218227107,2018-12-31,32901.206,Newmont Mining Corporation,-128.0,40.73,Materials,NEM,3
318,-0.32714001327140013,15.07,9.11,1.3673277557745214,0.6087646706031676,-0.08102107006347174,8.880175427351539,2019-06-30,5992.0911,News Corp. Class A,-699.0,10.14,Consumer Discretionary,NWSA,3
319,-0.3307291666666667,15.36,9.265,1.3673277557745214,0.6087646706031676,-0.08102107006347174,9.069189508637107,2019-06-30,5994.6583,News Corp. Class B,-699.0,10.28,Consumer Discretionary,NWS,3
320,-0.2893241574025058,283.35,187.3,0.5599143854160017,2.4008105720041804,0.2966208523173742,14.899450001035154,2018-12-31,98463.08,NextEra Energy,4976.0,201.37,Utilities,NEE,3
321,-0.4682626042800145,27.57,12.81,1.1146736326396358,4.276061463201354,-0.0359583782978659,-0.21441808826656228,2019-12-31,5224.3692,Nielsen Holdings,-232.66666666666666,14.66,Industrials,NLSN,3
322,-0.3676387047907593,105.62,63.37,2.5134982163228816,1.26500297567639,0.09318089817957124,37.46242267503866,2019-05-31,104016.74,Nike,3400.6666666666665,66.79,Consumer Discretionary,NKE,3
323,-0.3172481252037822,30.67,19.56,0.5196231053350538,3.0656956534592568,0.026041512501805707,-15.480374749533397,2019-12-31,8004.5875,NiSource Inc.,130.3,20.94,Utilities,NI,3
324,-0.8158450704225352,28.4,5.18,1.201152805888322,1.21751354490042,-0.18726766854373547,-70.34287216488595,2018-12-31,2536.7593,Noble Energy Inc,-727.3333333333334,5.23,Energy,NBL,3
325,-0.6279220779220779,46.2,16.27,1.044438404580222,7.790480529472437,0.029261132546190324,18.637494167129933,2019-02-02,2674.76403,Nordstrom,451.6666666666667,17.19,Consumer Discretionary,JWN,3
326,-0.42495906858286336,219.88,126.34,0.8226082819091403,1.3465077839831678,0.3286083516678922,14.548592017043225,2019-12-31,32601.7966,Norfolk Southern Corp.,3597.3333333333335,126.44,Industrials,NSC,3
327,-0.4368211440984794,110.48,61.75,1669.1542066239047,11.943797351734801,5.190408314953841,17.20322550728359,2018-12-31,13020.5932,Northern Trust Corp.,1262.6333333333332,62.22,Financials,NTRS,3
328,-0.2660190644398847,385.01,263.29,1.5499477796286618,3.737478993634085,0.08393785405361309,21.91161586865437,2019-12-31,47372.538,Northrop Grumman Corp.,2497.3333333333335,282.59,Industrials,NOC,3
329,-0.8169956507193041,59.78,9.6,0.19551395164341812,1.5207194942369273,0.1382143850057913,15.80368066209463,2019-12-31,2332.44083,Norwegian Cruise Line,774.395,10.94,Consumer Discretionary,NCLH,3
330,-0.4299129638112688,43.66,24.75,1.4305507764139838,2.354473600218103,-0.07898333984284336,12.172610603654528,2018-12-31,6164.1825,NRG Energy,-886.3333333333334,24.89,Utilities,NRG,3
331,-0.49910086643779633,61.17,30.3,2.9441040794620768,0.8046323849020799,0.07185431436064309,11.894420187027828,2019-12-31,9222.6396,Nucor Corp.,1650.1993333333332,30.64,Materials,NUE,3
332,-0.37910976226605964,316.32,132.6,6.914834063924048,0.5451178133610582,0.3027397071558378,30.77476732467696,2019-01-27,147394.068,Nvidia Corporation,2951.3333333333335,196.4,Information Technology,NVDA,3
333,-0.34042834188109444,454.31,298.5301,0.8997255290735472,19.37760454902612,0.13407552373617632,21.4236386266473,2019-12-31,22442.9158,O'Reilly Automotive,1283.111,299.65,Consumer Discretionary,ORLY,3
334,-0.8253668458520994,68.83,9.44,1.235735193399872,1.4308821949385144,0.09609273005371442,7.451411814808,2019-12-31,10760.6057,Occidental Petroleum,1485.6666666666667,12.02,Energy,OXY,3
335,-0.32710170487948265,85.05,52.84,0.9152836145371216,8.52770455143127,0.0825194440066022,13.929788679803648,2019-12-31,12411.3551,Omnicom Group,1251.3,57.23,Consumer Discretionary,OMC,3
336,-0.6813200815494393,78.48,24.63,0.6842123925733685,2.1072800274648547,0.0830342981619167,28.431766754335683,2019-12-31,10337.109,ONEOK,939.3736666666666,25.01,Energy,OKE,3
337,-0.2938842975206612,60.5,39.71,3.1764259971499236,2.499432305994259,0.20799978663978244,29.11970846269713,2019-05-31,153742.459,Oracle Corp.,8081.0,42.72,Information Technology,ORCL,3
338,-0.278623666227071,83.41,57.27,2.0228167210090287,1.9741089210301606,0.07281823687939912,19.018808224869762,2018-12-31,20842.4059,PACCAR Inc.,1464.0,60.17,Industrials,PCAR,3
339,-0.2945635128071093,114.78,71.05,2.924490117055244,1.551342005400648,0.10298192333312613,14.606765216178928,2019-12-31,7664.0374,Packaging Corporation of America,701.0,80.97,Materials,PKG,3
340,-0.4546633324071501,215.94,117.17,1.8108103684717005,1.835489980827625,0.08717680402173278,18.625935873093386,2019-06-30,15116.0269,Parker-Hannifin,1185.5256666666667,117.76,Industrials,PH,3
341,-0.36359620057433184,90.54,57.62,1.12721663988126,2.497910979824499,0.2699057270647308,26.015681251400725,2019-05-31,20650.199,Paychex Inc.,928.4666666666666,57.62,Information Technology,PAYX,3
342,-0.2549618320610687,124.45,91.29,1.3767966241988827,1.8019371708539698,0.13619331600744958,50.60480042554841,2019-12-31,108756.853,PayPal,2103.666666666667,92.72,Information Technology,PYPL,3
343,-0.35947712418300654,47.43,30.23,1.3817976960955647,0.9685037683009802,0.12415346085299932,18.404284720141458,2019-12-31,5112.7409,Pentair Ltd.,456.5333333333333,30.38,Industrials,PNR,3
344,-0.33088235294117646,17.68,10.815,38.82673329961854,6.446025938672158,3.5395282767203073,14.499532759608973,2019-12-31,5131.1324,People's United Financial,441.9,11.83,Financials,PBCT,3
345,-0.2317255434782608,147.2,112.0,1.2613368015861723,5.388444684482255,0.12359594505597944,23.358032947021204,2018-12-29,157692.69,PepsiCo Inc.,7900.333333333333,113.09,Consumer Staples,PEP,3
346,-0.3523300970873787,103.0,65.8,1.5545412627496005,1.356288346358463,0.09807210561764007,37.71672679253952,2019-12-29,7425.0895,PerkinElmer,252.706,66.71,Health Care,PKI,3
347,-0.2867209520826809,63.86,40.17,1.971699716517734,0.923204142076674,0.027355987756042057,72.48063092272885,2019-12-31,6200.5852,Perrigo,132.23333333333332,45.55,Health Care,PRGO,3
348,-0.32271095152603235,44.56,29.65,1.2662019533836142,1.525341493567317,0.30928717634783015,15.833885096793173,2019-12-31,167427.768,Pfizer Inc.,16244.666666666666,30.18,Health Care,PFE,3
349,-0.6447002778880508,25.19,3.55,0.6388306732231935,3.4828105301037913,-0.0779608491813027,11.860925715911888,2018-12-31,4736.8233,PG&E Corp.,-1270.6666666666667,8.95,Utilities,PCG,3
350,-0.24951477248220835,92.74,68.41,1.1910122718814316,-4.484403245237893,0.19512653863333093,20.55462872907907,2019-12-31,108291.334,Philip Morris International,7043.666666666667,69.6,Consumer Staples,PM,3
351,-0.5974816544362909,119.92,44.81,1.3793853369554319,1.2424698838491166,0.04291725966390514,11.45560641792858,2019-12-31,21212.0596,Phillips 66,4592.333333333333,48.27,Energy,PSX,3
352,-0.354468770732632,105.51,67.61,0.681768318306903,2.37101053614484,0.1339314236260117,19.688972571675052,2018-12-31,7658.2205,Pinnacle West Capital,480.5123333333333,68.11,Utilities,PNW,3
353,-0.6649085400067333,178.22,57.24,1.2371400285271443,0.5199059728567905,0.11261203590784157,28.96569325617091,2019-12-31,9896.5002,Pioneer Natural Resources,855.6666666666666,59.72,Energy,PXD,3
354,-0.4439087706285926,161.79,89.26,10.482299794270363,7.013835283533763,0.301613615294805,12.805803156079648,2018-12-31,38572.569,PNC Financial Services,4906.333333333333,89.97,Financials,PNC,3
355,-0.4641921724163736,133.63,66.73,2.5927514914180634,0.7658837116949851,0.026554391740714275,2.983036580630312,2019-03-30,5280.0061,Polo Ralph Lauren Corp.,164.8,71.6,Consumer Discretionary,RL,3
356,-0.3865733849359929,134.36,81.2001,1.5159122342635165,2.2341796100705915,0.0849204112007126,22.525983403239906,2018-12-31,19443.7018,PPG Industries,1270.6666666666667,82.42,Materials,PPG,3
357,-0.35758892207439585,36.83,23.47,0.5473020085974757,2.8159673696138596,0.21305964833778704,15.273487456684533,2018-12-31,18166.4788,PPL Corp.,1619.0,23.66,Utilities,PPL,3
358,-0.03151693667157581,169.75,140.0,1.1809303689616486,2.8066284335042604,0.13166263405079362,25.090268568475995,2017-12-31,47511.6,Praxair Inc.,1331.3333333333333,164.4,Materials,PX,3
359,-0.5180069067587568,60.81,29.18,1347.4521422512207,20.131794392006,0.12626033320613236,10.187988539549812,2018-12-31,8051.1053,Principal Financial Group,1724.4666666666667,29.31,Financials,PFG,3
360,-0.15293933952689517,128.09,99.01,0.8172288579829873,1.2716323306923767,0.14634633072373554,33.342816501002844,2019-06-30,267935.318,Procter & Gamble,9657.666666666666,108.5,Consumer Staples,PG,3
361,-0.1407721280602636,84.96,66.59,0.5909871313011381,3.1622848722266217,0.0809500997914658,14.98851660843575,2019-12-31,42723.545,Progressive Corp.,2725.9333333333334,73.0,Financials,PGR,3
362,-0.3548451748672212,99.79,62.01,0.774901467665182,0.8756066595830797,0.7102347249850055,22.193820883758164,2018-12-31,47560.27,Prologis,1503.8726666666666,64.38,Real Estate,PLD,3
363,-0.5925751879699248,106.4,43.17,79.03976365913634,15.415044437740677,0.09023998293929321,8.736211282599475,2018-12-31,17209.9502,Prudential Financial,5435.0,43.35,Financials,PRU,3
364,-0.36944270507201005,63.88,39.5606,0.7151487680496166,2.133587276376239,0.16320109744991218,17.998650011836407,2019-12-31,20346.5155,Public Serv. Enterprise Inc.,1568.3333333333333,40.28,Utilities,PEG,3
365,-0.299107812265707,266.76,186.8,0.9993991296302799,0.15840720010585665,0.5764539196495896,23.95949049319118,2018-12-31,32651.8784,Public Storage,1535.608,186.97,Real Estate,PSA,3
366,-0.49166138906480894,47.37,23.4,8.925320847780757,1.2092931286383732,0.07702422606785163,13.653898058207409,2018-12-31,6500.9981,Pulte Homes Inc.,690.649,24.08,Consumer Discretionary,PHM,3
367,-0.6964392133492253,134.24,40.31,1.723204884646871,1.1620630822606985,0.06818175033980405,14.483400191250416,2019-02-03,2973.05088,PVH Corp.,611.0666666666666,40.75,Consumer Discretionary,PVH,3
368,-0.32952064053239055,96.17,55.79,2.473429968675986,13.688491041365728,0.025783570854148775,10.650493004551251,2019-09-29,73703.219,QUALCOMM Inc.,662.6666666666666,64.48,Information Technology,QCOM,3
369,-0.33885234747108195,44.09,28.559,1.8192845204531818,0.9097933872780701,0.030908343845024486,17.402019139662006,2019-12-31,4155.18643,Quanta Services Inc.,336.78933333333333,29.15,Industrials,PWR,3
370,-0.2714623039298364,118.58,83.26,1.244083902062313,1.1420537815722944,0.0945668062943652,17.7885253025072,2018-12-31,11529.1771,Quest Diagnostics,717.6666666666666,86.39,Health Care,DGX,3
371,-0.7625649913344887,11.54,1.61,0.7070232693988229,1.4131765952057818,-0.33713993224389077,3.6781403504001715,2019-12-31,697.9191,Range Resources Corp.,-1043.2106666666666,2.74,Energy,RRC,3
372,-0.3499267935578332,102.45,58.79,14.576529562225383,5.008211921411647,0.11366135320824235,14.63435021748279,2019-09-30,9276.3146,Raymond James Financial Inc.,842.31,66.6,Financials,RJF,3
373,-0.44500599623094045,233.48,129.51,1.555695288429524,1.9535005533947085,0.09307306748239019,21.306076247291283,2018-12-31,36080.386,Raytheon Co.,2381.3333333333335,129.58,Industrials,RTN,3
374,-0.3642251530852567,84.92,53.94,0.3543257899311428,0.9124879425309941,0.274038801683586,48.07810703102219,2018-12-31,18575.3682,Realty Income Corporation,332.661,53.99,Real Estate,O,3
375,0.015524566946290414,183.58,115.31,1.28551948078905,2.605543708430651,0.10763101310315658,72.08041575024461,2019-02-28,34735.82403,Red Hat Inc.,315.498,186.43,Information Technology,RHT,3
376,-0.3603757472245944,70.26,44.88,0.09477169951848441,0.7028199888903989,0.22318751153316652,48.45780057582718,2018-12-31,7537.1566,Regency Centers Corporation,196.70866666666666,44.94,Real Estate,REG,3
377,-0.11834000000000003,500.0,271.37,3.9846698616286447,0.36715638445204396,0.2791387465945954,22.973075302679593,2019-12-31,48500.113,Regeneron,1919.5703333333333,440.83,Health Care,REGN,3
378,-0.5262257696693272,17.54,8.13,27.066254732635333,6.9175487465184,0.9011524415199038,12.13527097604179,2019-12-31,7955.9363,Regions Financial Corp.,1534.6666666666667,8.31,Financials,RF,3
379,-0.24566445347339205,100.91,75.68,0.6098816617075826,1.688744258949636,0.09861156440810409,24.125882352919415,2018-12-31,24287.0764,Republic Services Inc,975.966,76.12,Industrials,RSG,3
380,-0.22506882409124107,177.99,96.81,2.903219155683051,0.7465871779390989,0.15189699484380761,38.746138358629956,2019-06-30,19947.0203,ResMed,354.1546666666667,137.93,Health Care,RMD,3
381,-0.3711638679791546,69.08,41.54,1.8671668955606222,0.7052813848035971,0.06514969887346274,19.460132630476792,2018-12-31,5000.8125,Robert Half International,356.087,43.44,Industrials,RHI,3
382,-0.2685940556271171,209.61,143.91,1.6223947012347502,6.227945722839838,0.1050310911942296,31.030068315909844,2019-09-30,17812.1687,Rockwell Automation Inc.,685.6666666666666,153.31,Industrials,ROK,3
383,-0.011470135683312257,142.98,125.04,1.423888971265135,2.1213633829908374,0.12029043816388034,20.96199654252978,2018-09-30,23462.44,Rockwell Collins,923.0,141.34,Industrials,COL,3
384,-0.2828860759493671,395.0,240.0,1.0694474104080067,1.1770080917486563,0.18887462929212095,29.41964019673934,2018-12-31,30056.7204,Roper Technologies,858.2723333333333,283.26,Industrials,ROP,3
385,-0.4045586340206185,124.16,73.19,1.6449693234512959,0.8819625351727245,0.09640735695171898,21.752157765205947,2019-02-02,26532.1452,Ross Stores,1355.9546666666668,73.93,Consumer Discretionary,ROST,3
386,-0.7787466745492166,135.32,28.61,0.1656045378127506,1.3566960493624027,0.20501117130021487,14.36711342162363,2019-12-31,6257.4602,Royal Caribbean Cruises Ltd,1771.6873333333333,29.94,Consumer Discretionary,RCL,3
387,-0.29008755672013803,312.94,203.44,1.4132225014668471,16.335836671711117,0.29217834100172874,27.502459636349414,2019-12-31,54162.608,"S&P Global, Inc.",1859.0,222.16,Financials,SPGI,3
388,-0.36490905375025545,195.72,123.39,0.9805493151797927,0.9447895926133135,0.03452985375843667,591.982578823565,2020-01-31,110254.105,Salesforce.com,454.4926666666667,124.3,Information Technology,CRM,3
389,-0.17150233984185909,309.85,190.28,0.519779237248747,-3.5380730140945627,0.0527969771096777,261.78192877617715,2019-12-31,28733.2925,SBA Communications,99.36533333333333,256.71,Real Estate,SBAC,3
390,-0.7051963993453354,48.88,12.91,1.321910292502522,0.9338159382248409,-0.014983341875468799,-32.58791880413406,2018-12-31,20003.3853,Schlumberger Ltd.,-351.3333333333333,14.41,Energy,SLB,3
391,-0.3615396602773882,64.17,40.64,1.7418319799664859,4.518664593610134,0.1236694575900636,12.324680088202102,2019-06-28,10691.3679,Seagate Technology,1322.0,40.97,Information Technology,STX,3
392,-0.5561213664332697,47.13,20.8901,1.1625620972201334,-4.067001853884626,0.09278072098699797,20.92037446745974,2019-12-31,3235.71738,Sealed Air,423.6666666666667,20.92,Materials,SEE,3
393,-0.45252363007351576,161.87,88.127,0.4509913376785833,2.605109604319567,0.09722442897130684,57.322485828992484,2019-12-31,25901.5004,Sempra Energy,1078.3333333333333,88.62,Utilities,SRE,3
394,-0.32316026335527964,599.95,405.44,1.051735684531374,4.168405336150161,0.089204997398268,30.01207121310306,2019-12-31,37278.851,Sherwin-Williams,1474.1026666666667,406.07,Materials,SHW,3
395,-0.6470493562231759,186.4,65.32,1.0340833848643232,7.425023237706106,0.37316369141898437,26.62810292632884,2018-12-31,20188.9116,Simon Property Group Inc,2072.3016666666667,65.79,Real Estate,SPG,3
396,-0.47151307596513065,128.48,66.29,6.189827000921372,0.15919028335230495,0.2556266914656082,17.41287177910657,2019-09-27,11553.5258,Skyworks Solutions,927.4,67.9,Information Technology,SWKS,3
397,-0.4540927482103953,96.39,52.38,0.5888674181370135,1.190648983842702,0.13419619326798038,58.40153908215607,2018-12-31,4100.96614,SL Green Realty,199.51066666666665,52.62,Real Estate,SLG,3
398,-0.33057471264367816,174.0,109.69,2.144515802968295,0.7382283113530862,0.14688291404612158,15.891728567314104,2018-12-31,6370.0004,Snap-On Inc.,594.6666666666666,116.48,Consumer Discretionary,SNA,3
399,-0.330239099859353,71.1,47.33,0.7214544127172567,3.584324561224305,0.0527448139598344,66.85624563320671,2018-12-31,50202.431,Southern Co.,1211.6666666666667,47.62,Utilities,SO,3
400,-0.3622301546829848,58.83,35.61,0.6669036069751066,1.5682260439524685,0.12650934954714826,12.076869928419493,2019-12-31,19408.9452,Southwest Airlines,2751.0,37.52,Industrials,LUV,3
401,-0.41245487364620936,99.72,58.11,1.455462363279399,5.735748443464044,0.14913827071075914,25.573537616671654,2019-09-29,68767.08,Starbucks Corp.,3667.4,58.59,Consumer Discretionary,SBUX,3
402,-0.44440563511468156,85.89,47.48,613.1274555132212,9.663086091163896,0.2072532317351021,13.864401086666666,2018-12-31,16909.2014,State Street Corp.,2306.3333333333335,47.72,Financials,STT,3
403,-0.31719163968207237,67.94,40.06,0.9306170693536697,1.5563856854619882,-0.0543880213355544,33.70799222488561,2019-12-31,4234.07104,Stericycle Inc,-183.03333333333333,46.39,Industrials,SRCL,3
404,-0.36442775077330974,226.3,138.235,2.3000391685288384,1.3013647688081047,0.1610489811418994,37.26317737621395,2019-12-31,53875.122,Stryker Corp.,2218.6666666666665,143.83,Health Care,SYK,3
405,-0.022646505470002094,71.755,56.68,115.4476235767449,7.579986121055039,14.375438360533565,12.489130648154061,2018-12-31,31140.524,SunTrust Banks,2308.6666666666665,70.13,Financials,STI,3
406,-0.5165897767115705,270.95,127.395,20.09560860457309,10.882324653666766,0.8061801882011256,20.15077891257785,2018-12-31,6751.5996,SVB Financial,615.677,130.98,Financials,SIVB,3
407,-0.3157534246575342,29.2,17.425,1.0332551624330755,2.708973665876362,0.0718645368433383,102.13278137246614,2019-03-29,13206.78,Symantec Corp.,354.3333333333333,19.98,Information Technology,SYMC,3
408,-0.5324777370350968,38.18,17.75,33.658344364988324,5.786990729980985,0.31879350099096,11.520951062222586,2018-12-31,10950.5649,Synchrony Financial,2325.3333333333335,17.85,Financials,SYF,3
409,-0.32432432432432434,166.87,108.34,0.9230004393942061,0.6608989127883218,0.11570249359985385,53.8156743352616,2019-10-31,16938.0956,Synopsys Inc.,367.1493333333333,112.75,Information Technology,SNPS,3
410,-0.5609444056757386,85.98,37.5,1.2888461281644956,6.28108896187499,0.024282683020105694,24.376020741438037,2019-06-29,19196.2153,Sysco Corp.,1415.8466666666668,37.75,Consumer Staples,SYY,3
411,-0.3023172650550708,139.82,88.3,7.848600744575259,0.26401522198835864,0.3113622398515911,14.982665269620213,2018-12-31,23025.7992,T. Rowe Price Group,1516.7666666666667,97.55,Financials,TROW,3
412,-0.2040530582166543,135.7,87.97,1.382009364549612,1.5757178873063546,0.08657109907486056,59.51593602736068,2019-03-31,12250.9261,Take-Two Interactive,191.55766666666665,108.01,Information Technology,TTWO,3
413,-0.6816417082640045,36.06,11.48,3.540839031396692,0.986122135948848,0.10200963493623427,22.020972255375074,2019-06-29,3168.8128,"Tapestry, Inc.",543.9666666666666,11.48,Consumer Discretionary,TPR,3
414,-0.27986793611793614,130.24,70.03,0.8920531370150292,2.5336223458443565,0.040777389279276,14.565755222527137,2020-02-01,46985.224,Target Corp.,3050.6666666666665,93.79,Consumer Discretionary,TGT,3
415,-0.39663366336633665,101.0,56.13,1.5050055317563535,0.9117449782461331,0.1496127129901066,15.178071311769918,2019-09-27,20335.8618,TE Connectivity Ltd.,2030.6666666666667,60.94,Information Technology,TEL,3
416,-0.7994399719986,28.57,5.01,1.2608029169221968,1.5216581206065538,-0.10855728783338951,37.04437801614446,2019-12-31,2343.98259,TechnipFMC,-1407.8333333333333,5.73,Energy,FTI,3
417,-0.3109801031687546,135.7,93.11,3.4781967420026767,0.726985841749546,0.2895048876209578,21.12897228775836,2018-12-31,87299.645,Texas Instruments,4285.666666666666,93.5,Information Technology,TXN,3
418,-0.5362068965517242,58.0,24.34,1.8811330511942606,1.7284761495733336,0.056292656708693156,24.18658641290192,2020-01-04,6123.65,Textron Inc.,781.3333333333334,26.9,Industrials,TXT,3
419,-0.46231803943246735,54.27,29.0,38.004850612604066,7.844541224440468,1.652402874902875,13.428194203965893,2018-12-31,25825.7879,The Bank of New York Mellon Corp.,3967.6666666666665,29.18,Financials,BK,3
420,-0.023423524150268323,178.88,144.12,0.9452254929058412,7.186341195823733,0.12790361268967013,22.377090722126084,2019-06-30,21853.7185,The Clorox Company,781.3333333333334,174.69,Consumer Staples,CLX,3
421,-0.290554583242179,365.68,251.5,1.8291230941772685,0.7024479662021879,0.13515221801766072,53.4568828589639,2019-10-31,13835.5057,The Cooper Companies,326.5,259.43,Health Care,COO,3
422,-0.22361282367447585,162.2,108.95,0.9471197242636328,5.20143144400714,0.11736782707077535,7.435815747498773,2018-12-31,18654.7671,The Hershey Company,893.529,125.93,Consumer Staples,HSY,3
423,-0.6567781993790962,28.99,9.01,2.0164397238558216,0.8765154623376313,0.02537699962557154,-5.02332013439938,2018-12-31,3768.7017,The Mosaic Company,220.2,9.95,Materials,MOS,3
424,-0.45128634986137084,155.09,84.86,5.352124193074682,3.4101724341280932,0.08785261327089063,14.36880865684015,2018-12-31,21703.1393,The Travelers Companies Inc.,2531.0,85.1,Financials,TRV,3
425,-0.38067922560458894,153.41,90.0,0.8834247648562884,1.1167245105313373,0.17790786039872464,17.08554734604957,2019-09-28,171534.86,The Walt Disney Company,10877.333333333334,95.01,Consumer Discretionary,DIS,3
426,-0.18380763162508026,342.26,253.22,1.661443709848882,1.078564410954704,0.13885417568551175,34.15918308222773,2019-12-31,111412.601,Thermo Fisher Scientific,2953.0,279.35,Health Care,TMO,3
427,-0.13941377771164992,134.42,78.6,5.459449382210021,0.6978128022115294,0.11074724198358095,24.922503876901363,2019-01-31,14012.5501,Tiffany & Co.,467.5333333333333,115.68,Consumer Discretionary,TIF,3
428,-0.04802694898941298,103.9,85.88,1.344878554687881,1.6176923084486694,0.14600684161039787,15.3651194492596,2017-12-31,78237.81,Time Warner Inc.,4806.666666666667,98.91,Consumer Discretionary,TWX,3
429,-0.3679753656658969,64.95,40.81,1.6052728982714928,1.8081899251811977,0.07349501250702696,12.645479778632293,2019-02-02,49390.539,TJX Companies Inc.,2655.3266666666664,41.05,Consumer Discretionary,TJX,3
430,-0.016960499888417878,89.62,69.68,0.0,3.2420095209380384,0.21757606615558803,12.027866666666668,2018-12-31,9826.709504299999,Torchmark Corp.,901.913,88.1,Financials,TMK,3
431,0.24384898894312187,100.39,75.58,1.9122019444138578,1.915086521798706,0.11291849143082099,26.17984515510459,2018-12-31,22781.46598429,Total System Services,494.1596666666667,124.87,Information Technology,TSS,3
432,-0.497498181170287,673.51,329.01,3.2244311559711973,-6.24659151036894,0.19726773869093425,24.662066635452643,2019-09-30,18170.0649,TransDigm Group,814.573,338.44,Industrials,TDG,3
433,-0.7030035335689047,56.6,14.67,2.414487332559865,0.5433573531708126,0.04627977480453067,-39.12034633395436,2018-12-31,2287.62266,TripAdvisor,71.33333333333333,16.81,Consumer Discretionary,TRIP,3
434,-0.42765196662693683,41.95,23.1229,2.7769595015576325,0.3204316209242318,0.16458141300100967,11.769169278996864,2019-06-30,14384.8233,Twenty-First Century Fox Class A,1718.0,24.01,Consumer Discretionary,FOXA,3
435,-0.52196519524618,94.24,44.1301,1.327684863685527,1.4288229457623727,0.05651728890900337,9.984869984387393,2019-09-28,16444.9628,Tyson Foods,2273.3333333333335,45.05,Consumer Staples,TSN,3
436,-0.46702667321224023,61.11,30.0,5.657289124191958,8.336499219425349,0.29056773660723895,14.012028559667568,2018-12-31,49547.44,U.S. Bancorp,6400.666666666667,32.57,Financials,USB,3
437,-0.28156097560975607,51.25,36.58,1.0879301349851542,1.6245129168564885,0.20748972590333067,57.66082169772317,2018-12-31,10848.3133,UDR Inc,205.794,36.82,Real Estate,UDR,3
438,-0.5620204430225307,368.83,160.0,2.621436720267017,0.6795808957498272,0.09226954832619962,29.51132327174839,2019-02-02,9233.836,Ulta Beauty,541.1843333333334,161.54,Consumer Discretionary,ULTA,3
439,-0.6681096681096681,27.72,9.08,2.0252432041806943,1.1140515153242758,-0.0003733966233094507,-28.20020010119549,2019-12-31,3897.51552,Under Armour Class A,-0.8076666666666666,9.2,Consumer Discretionary,UAA,3
440,-0.6606924643584521,24.55,8.13,2.346959034592924,0.9612939888982531,0.011547602562958191,-46.64303249607659,2018-12-31,4024.03994,Under Armour Class C,-47.52066666666666,8.33,Consumer Discretionary,UA,3
441,-0.33795512277730744,188.96,122.3,0.9039708610020858,1.8746061235365665,0.3460986118391179,16.54235163171931,2019-12-31,86351.774,Union Pacific,7532.333333333333,125.1,Industrials,UNP,3
442,-0.6306362595022389,96.03,30.38,0.5513926987878944,3.6168355845979594,0.05919164884967876,9.750349494887095,2019-12-31,8794.8227,United Continental Holdings,2423.0,35.47,Industrials,UAL,3
443,-0.2662775912099377,306.71,208.07,0.7173722714701696,1.8233583376521922,0.054204229689354955,20.976306163265992,2019-12-31,213466.857,United Health Group Inc.,12127.666666666666,225.04,Health Care,UNH,3
444,-0.305242997366531,125.31,82.0,1.1849451693196131,52.885134515183836,0.0658471952874843,24.047402831332903,2018-12-31,74739.966,United Parcel Service,4377.333333333333,87.06,Industrials,UPS,3
445,-0.5105269348388614,170.04,76.09,0.9108717735368942,4.040185835647805,0.15480940499210497,9.631043733509083,2019-12-31,6190.2735,"United Rentals, Inc.",1205.3333333333333,83.23,Industrials,URI,3
446,-0.4260918959858621,158.44,90.58,1.260751459555923,2.3389356984098835,0.08120380727756009,19.006417655733504,2018-12-31,78682.546,United Technologies,4958.666666666667,90.93,Industrials,UTX,3
447,-0.48222320806134733,157.79,81.68,1.178668649349905,1.1223878370556832,0.0720879908742064,15.118944695252049,2019-12-31,7085.8573,"Universal Health Services, Inc.",782.2873333333333,81.7,Health Care,UHS,3
448,-0.6723684210526316,38.0,12.38,106.06196891472025,5.92303441543882,0.07250934037637684,12.928560831852453,2018-12-31,2526.98906,Unum Group,816.3333333333334,12.45,Financials,UNM,3
449,-0.44418952618453866,100.25,51.2501,1.6678787399285635,1.528708639426881,0.07451438189355725,34.7192348297505,2019-03-31,21993.7997,V.F. Corp.,982.9403333333333,55.72,Consumer Discretionary,VFC,3
450,-0.5918227277184037,101.99,41.19,1.611320966439368,1.3553794723514965,0.030762989933293336,12.182421263927955,2019-12-31,17040.6994,Valero Energy,3203.0,41.63,Energy,VLO,3
451,-0.3101426096228176,150.06,102.64,1.4393164621977588,1.166405077830292,0.07846882543293657,46.79351733326994,2019-09-27,9385.7229,Varian Medical Systems,230.46666666666667,103.52,Health Care,VAR,3
452,-0.6843501326259948,75.4,23.39,0.22765412398203214,1.2099865139164412,0.22579092010247817,34.4336595938033,2018-12-31,8874.068,Ventas Inc,805.056,23.8,Real Estate,VTR,3
453,-0.27730183064297953,221.78,158.99,1.389302889325846,-2.886709065020986,0.4192266487728345,25.02693084298401,2018-12-31,18659.4775,Verisign Inc.,493.46066666666667,160.28,Information Technology,VRSN,3
454,-0.24264834332964533,171.73,128.1,0.5797186655757663,2.1507241493889135,0.2683478614837141,28.740089044930954,2018-12-31,21209.6635,Verisk Analytics,581.6666666666666,130.06,Industrials,VRSK,3
455,-0.18048858887817418,62.22,49.02,0.8961896004609451,5.918509459512198,0.15389663403690385,12.638299435535549,2018-12-31,210887.508,Verizon Communications,19585.333333333332,50.99,Telecommunication Services,VZ,3
456,-0.20044026415849503,249.85,163.68,3.0076204537485913,0.8869646507360853,0.2426981733028423,-4.855369141052658,2018-12-31,51794.166,Vertex Pharmaceuticals Inc,749.4426666666666,199.77,Health Care,VRTX,3
457,-0.24217772215269093,31.96,20.9264,1.4762925506920095,2.3125395014759778,0.13156265533693579,6.454170801148617,2019-09-30,9863.9575,Viacom Inc.,1713.6666666666667,24.22,Consumer Discretionary,VIAB,3
458,-0.29023672783302984,214.17,147.98,1.6926466795677342,1.0677015759353707,0.4634941124026961,26.63533282241824,2019-09-30,336837.411,Visa Inc.,9693.333333333334,152.01,Information Technology,V,3
459,-0.5247693399574167,70.45,33.31,2.1544378986893893,2.625295253517388,0.4499430561837325,37.296337746774164,2018-12-31,6394.2113,Vornado Realty Trust,528.0956666666667,33.48,Real Estate,VNO,3
460,-0.37700832841497806,152.49,95.0,2.343695794455699,0.8989317901222713,0.13251011139528387,28.0884881851844,2019-12-31,12577.5247,Vulcan Materials,578.2173333333334,95.0,Materials,VMC,3
461,-0.14850853405646827,125.38,95.0,0.8069039596866036,1.735690182340675,0.020252089877664137,28.845156932160194,2019-01-31,302897.332,Wal-Mart Stores,10058.333333333334,106.76,Consumer Staples,WMT,3
462,-0.3010852713178295,64.5,40.52,0.8714503334801268,1.6325965884053038,0.03392849567564523,15.65833031656261,2019-08-31,39934.661,Walgreens Boots Alliance,4361.333333333333,45.08,Consumer Staples,WBA,3
463,-0.21216184241659442,126.79,85.5,1.210105614739006,2.720466519039841,0.12389399505509678,22.518117016610933,2019-12-31,42424.181,Waste Management Inc.,1848.0,99.89,Industrials,WM,3
464,-0.3185220014889699,255.21,163.01,5.065458532433806,-3.3536575674790066,0.16674854948979037,276.69668058054566,2019-12-31,10810.5196,Waters Corporation,402.101,173.92,Health Care,WAT,3
465,-0.12268080272624,105.64,75.88,0.6348280410964849,2.401316333059073,0.14868388844573735,21.407674769100584,2019-12-31,29234.516,Wec Energy Group Inc,1132.3333333333333,92.68,Utilities,WEC,3
466,-0.5159817351598174,54.75,26.3,1.6568667326025643,8.798706716273811,14.895488688485843,12.08435226333665,2019-12-31,108647.08,Wells Fargo,21375.0,26.5,Financials,WFC,3
467,-0.583878930986369,93.17,38.0,4.031739725021366,0.9868706645707809,0.16839569582681999,37.12145010320476,2018-12-31,15908.5332,Welltower Inc.,744.7473333333334,38.77,Real Estate,WELL,3
468,-0.5379166666666666,72.0,33.1284,2.384438895886257,1.5987464876398711,0.0026595641744001385,29.349117966535044,2019-06-28,9945.4679,Western Digital,106.0,33.27,Information Technology,WDC,3
469,-0.26748681898066784,28.45,17.93,1.2773610915900802,-13.461962892318939,0.03274846433955192,11.175645324926899,2018-12-31,8609.4623,Western Union Co,182.66666666666666,20.84,Information Technology,WU,3
470,-0.4929038071637756,44.39,21.5,1.4585723224666598,1.4056294842916905,0.07062870454172142,12.53680318540338,2019-09-30,5817.8447,WestRock Company,1159.0666666666668,22.51,Materials,WRK,3
471,-0.46326789107029764,31.58,16.95,1.2144146776201792,1.0107753805198498,0.11409430309756297,31.31844398302631,2018-12-31,12636.5471,Weyerhaeuser Corp.,785.6666666666666,16.95,Real Estate,WY,3
472,-0.43296260083109256,163.64,92.135,0.9021047723868926,4.598099629726234,0.016876861457766738,0.8476057235338358,2018-12-31,5815.873,Whirlpool Corp.,351.6666666666667,92.79,Consumer Discretionary,WHR,3
473,-0.5434856175972927,29.55,13.02,0.6766952724917248,2.778614295021804,0.11883404086682232,-39.38262521930794,2019-12-31,16356.4892,Williams Cos.,956.3333333333334,13.49,Energy,WMB,3
474,-0.25777254830972535,220.97,155.56,1.0694214513963727,2.316364657698037,0.08879691639913202,31.05793074483266,2019-12-31,21111.5315,Willis Towers Watson,769.0,164.01,Financials,WLTW,3
475,-0.6427873020011733,153.41,54.6301,1.5392194240633856,8.278296788777487,0.07686046619841137,49.21321535394486,2019-12-31,5891.8769,Wynn Resorts Ltd,480.8653333333333,54.8,Consumer Discretionary,WYNN,3
476,-0.19101746603825895,72.14,54.46,0.7654184321965668,2.7511301055083504,0.10370306836316429,20.56012461824402,2018-12-31,30619.6828,Xcel Energy Inc,1177.4596666666666,58.36,Utilities,XEL,3
477,-0.49480618191031156,39.47,17.0,1.7132385266900458,1.8672017428639947,0.06831993943606801,21.089818321902595,2019-12-31,4245.80429,Xerox Corp.,636.3333333333334,19.94,Information Technology,XRX,3
478,-0.5068502824858757,141.6,67.68,5.64663895062182,0.9534218741632899,0.252545809595016,31.37946088226937,2019-03-30,17376.2867,Xilinx Inc,674.881,69.83,Information Technology,XLNX,3
479,-0.00017361111111107656,57.6,33.77,3.6544857508327255,4.602953574994836,0.04067359297368902,4.312198574158163,2017-12-31,14973.4,XL Capital,-226.47666666666666,57.59,Financials,XL,3
480,-0.27188269532124476,89.34,61.0,1.6741772792874652,1.652395843231564,0.08405043135785865,31.82847057069135,2019-12-31,11723.5077,Xylem Inc.,427.0,65.05,Industrials,XYL,3
481,-0.4167223521550284,119.72,67.08,1.192243886525399,-1.6707101473378323,0.3269545860574508,21.53430923731585,2019-12-31,21006.4015,Yum! Brands Inc,1392.0,69.83,Consumer Discretionary,YUM,3
482,-0.4289615790453728,161.11,79.03,1.7606056365812572,1.3709292126840449,0.07461059099978347,5.074775154865182,2018-12-31,18989.1686,Zimmer Biomet Holdings,580.1666666666666,92.0,Health Care,ZBH,3
483,-0.49390243902439024,52.48,25.27,2309.4235647822825,7.66257066898368,-18.74428321118835,16.443559763443528,2018-12-31,4380.2486,Zions Bancorp,603.7696666666666,26.56,Financials,ZION,3
484,-0.2681526049500888,146.26,96.89,3.4954898762321718,3.975675608165657,0.1919721384546894,34.11064518671435,2018-12-31,50836.939,Zoetis,1037.6666666666665,107.04,Health Care,ZTS,3
